
> smart-construction@0.1.0 start
> node scripts/react-scripts-start.js

Starting the development server...

Compiled successfully!

You can now view smart-construction in the browser.

  Local:            http://localhost:3000
  On Your Network:  http://192.168.219.41:3000

Note that the development build is not optimized.
To create a production build, use npm run build.

webpack compiled [1m[32msuccessfully[39m[22m
Files successfully emitted, waiting for typecheck results...
Issues checking in progress...
Compiling...
Compiled successfully!
webpack compiled [1m[32msuccessfully[39m[22m
No issues found.
Compiling...
Compiled successfully!
webpack compiled [1m[32msuccessfully[39m[22m
Compiling...
Compiled successfully!
webpack compiled [1m[32msuccessfully[39m[22m
Files successfully emitted, waiting for typecheck results...
Issues checking in progress...
Compiling...
Compiled successfully!
webpack compiled [1m[32msuccessfully[39m[22m
Compiling...
Compiled successfully!
webpack compiled [1m[32msuccessfully[39m[22m
Compiling...
Files successfully emitted, waiting for typecheck results...
Issues checking in progress...
Compiled successfully!
webpack compiled [1m[32msuccessfully[39m[22m
Compiling...
Compiled successfully!
webpack compiled [1m[32msuccessfully[39m[22m
Compiling...
Compiled successfully!
webpack compiled [1m[32msuccessfully[39m[22m
Compiling...
Compiled successfully!
webpack compiled [1m[32msuccessfully[39m[22m
Compiling...
Compiled successfully!
webpack compiled [1m[32msuccessfully[39m[22m
Compiling...
Compiled successfully!
webpack compiled [1m[32msuccessfully[39m[22m
No issues found.
Compiling...
Compiled successfully!
webpack compiled [1m[32msuccessfully[39m[22m
No issues found.
Compiling...
Compiled successfully!
webpack compiled [1m[32msuccessfully[39m[22m
No issues found.
Compiling...
Compiled successfully!
webpack compiled [1m[32msuccessfully[39m[22m
No issues found.
Compiling...
Compiled successfully!
webpack compiled [1m[32msuccessfully[39m[22m
No issues found.
Compiling...
Compiled successfully!
webpack compiled [1m[32msuccessfully[39m[22m
Compiling...
Compiled successfully!
webpack compiled [1m[32msuccessfully[39m[22m
Files successfully emitted, waiting for typecheck results...
Issues checking in progress...
Compiling...
Compiled successfully!
webpack compiled [1m[32msuccessfully[39m[22m
Compiling...
Compiled successfully!
webpack compiled [1m[32msuccessfully[39m[22m
Compiling...
Compiled successfully!
webpack compiled [1m[32msuccessfully[39m[22m
Compiling...
Compiled successfully!
webpack compiled [1m[32msuccessfully[39m[22m
No issues found.
Compiling...
Compiled successfully!
webpack compiled [1m[32msuccessfully[39m[22m
No issues found.
Compiling...
Compiled successfully!
webpack compiled [1m[32msuccessfully[39m[22m
No issues found.
Compiling...
Compiled successfully!
webpack compiled [1m[32msuccessfully[39m[22m
Compiling...
Compiled successfully!
webpack compiled [1m[32msuccessfully[39m[22m
Compiling...
Compiled successfully!
webpack compiled [1m[32msuccessfully[39m[22m
Compiling...
Compiled successfully!
webpack compiled [1m[32msuccessfully[39m[22m
No issues found.
Compiling...
Compiled successfully!
webpack compiled [1m[32msuccessfully[39m[22m
No issues found.
Compiling...
Compiled successfully!
webpack compiled [1m[32msuccessfully[39m[22m
No issues found.
Compiling...
Failed to compile.

[eslint] 
src\pages\estimate\EstimatePage.tsx
Syntax error: JSX expressions must have one parent element (682:16)
[1m[31mERROR[39m[22m in [1m./src/pages/estimate/EstimatePage.tsx[39m[22m
Module build failed (from ./node_modules/babel-loader/lib/index.js):
SyntaxError: C:\Users\playz\cy\src\pages\estimate\EstimatePage.tsx: Adjacent JSX elements must be wrapped in an enclosing tag. Did you want a JSX fragment <>...</>? (718:16)

[0m [90m 716 |[39m                 [33m<[39m[33m/[39m[33mdiv[39m[33m>[39m
 [90m 717 |[39m
[31m[1m>[22m[39m[90m 718 |[39m                 [33m<[39m[33mdiv[39m className[33m=[39m[32m"mt-6 grid grid-cols-[1fr_320px] gap-6"[39m[33m>[39m
 [90m     |[39m                 [31m[1m^[22m[39m
 [90m 719 |[39m                     [33m<[39m[33mdiv[39m className[33m=[39m[32m"space-y-3 text-sm"[39m[33m>[39m
 [90m 720 |[39m                         [33m<[39m[33mdiv[39m[33m>[39m
 [90m 721 |[39m                             [33m<[39m[33mdiv[39m className[33m=[39m[32m"font-bold text-slate-800"[39m[33m>[39m범위 및 특이사항[33m<[39m[33m/[39m[33mdiv[39m[33m>[39m[0m
    at constructor (C:\Users\playz\cy\node_modules\@babel\parser\lib\index.js:367:19)
    at TypeScriptParserMixin.raise (C:\Users\playz\cy\node_modules\@babel\parser\lib\index.js:6624:19)
    at TypeScriptParserMixin.jsxParseElementAt (C:\Users\playz\cy\node_modules\@babel\parser\lib\index.js:4771:18)
    at TypeScriptParserMixin.jsxParseElement (C:\Users\playz\cy\node_modules\@babel\parser\lib\index.js:4778:17)
    at TypeScriptParserMixin.parseExprAtom (C:\Users\playz\cy\node_modules\@babel\parser\lib\index.js:4788:19)
    at TypeScriptParserMixin.parseExprSubscripts (C:\Users\playz\cy\node_modules\@babel\parser\lib\index.js:11145:23)
    at TypeScriptParserMixin.parseUpdate (C:\Users\playz\cy\node_modules\@babel\parser\lib\index.js:11130:21)
    at TypeScriptParserMixin.parseMaybeUnary (C:\Users\playz\cy\node_modules\@babel\parser\lib\index.js:11110:23)
    at TypeScriptParserMixin.parseMaybeUnary (C:\Users\playz\cy\node_modules\@babel\parser\lib\index.js:9890:18)
    at TypeScriptParserMixin.parseMaybeUnaryOrPrivate (C:\Users\playz\cy\node_modules\@babel\parser\lib\index.js:10963:61)
    at TypeScriptParserMixin.parseExprOps (C:\Users\playz\cy\node_modules\@babel\parser\lib\index.js:10968:23)
    at TypeScriptParserMixin.parseMaybeConditional (C:\Users\playz\cy\node_modules\@babel\parser\lib\index.js:10945:23)
    at TypeScriptParserMixin.parseMaybeAssign (C:\Users\playz\cy\node_modules\@babel\parser\lib\index.js:10895:21)
    at C:\Users\playz\cy\node_modules\@babel\parser\lib\index.js:9828:39
    at TypeScriptParserMixin.tryParse (C:\Users\playz\cy\node_modules\@babel\parser\lib\index.js:6932:20)
    at TypeScriptParserMixin.parseMaybeAssign (C:\Users\playz\cy\node_modules\@babel\parser\lib\index.js:9828:18)
    at TypeScriptParserMixin.parseExpressionBase (C:\Users\playz\cy\node_modules\@babel\parser\lib\index.js:10848:23)
    at C:\Users\playz\cy\node_modules\@babel\parser\lib\index.js:10844:39
    at TypeScriptParserMixin.allowInAnd (C:\Users\playz\cy\node_modules\@babel\parser\lib\index.js:12495:16)
    at TypeScriptParserMixin.parseExpression (C:\Users\playz\cy\node_modules\@babel\parser\lib\index.js:10844:17)
    at TypeScriptParserMixin.parseStatementContent (C:\Users\playz\cy\node_modules\@babel\parser\lib\index.js:12971:23)
    at TypeScriptParserMixin.parseStatementContent (C:\Users\playz\cy\node_modules\@babel\parser\lib\index.js:9569:18)
    at TypeScriptParserMixin.parseStatementLike (C:\Users\playz\cy\node_modules\@babel\parser\lib\index.js:12843:17)
    at TypeScriptParserMixin.parseStatementListItem (C:\Users\playz\cy\node_modules\@babel\parser\lib\index.js:12823:17)
    at TypeScriptParserMixin.parseBlockOrModuleBlockBody (C:\Users\playz\cy\node_modules\@babel\parser\lib\index.js:13392:61)
    at TypeScriptParserMixin.parseBlockBody (C:\Users\playz\cy\node_modules\@babel\parser\lib\index.js:13385:10)
    at TypeScriptParserMixin.parseBlock (C:\Users\playz\cy\node_modules\@babel\parser\lib\index.js:13373:10)
    at TypeScriptParserMixin.parseFunctionBody (C:\Users\playz\cy\node_modules\@babel\parser\lib\index.js:12174:24)
    at TypeScriptParserMixin.parseArrowExpression (C:\Users\playz\cy\node_modules\@babel\parser\lib\index.js:12149:10)
    at TypeScriptParserMixin.parseParenAndDistinguishExpression (C:\Users\playz\cy\node_modules\@babel\parser\lib\index.js:11759:12)
    at TypeScriptParserMixin.parseExprAtom (C:\Users\playz\cy\node_modules\@babel\parser\lib\index.js:11395:23)
    at TypeScriptParserMixin.parseExprAtom (C:\Users\playz\cy\node_modules\@babel\parser\lib\index.js:4793:20)
    at TypeScriptParserMixin.parseExprSubscripts (C:\Users\playz\cy\node_modules\@babel\parser\lib\index.js:11145:23)
    at TypeScriptParserMixin.parseUpdate (C:\Users\playz\cy\node_modules\@babel\parser\lib\index.js:11130:21)
    at TypeScriptParserMixin.parseMaybeUnary (C:\Users\playz\cy\node_modules\@babel\parser\lib\index.js:11110:23)
    at TypeScriptParserMixin.parseMaybeUnary (C:\Users\playz\cy\node_modules\@babel\parser\lib\index.js:9890:18)
    at TypeScriptParserMixin.parseMaybeUnaryOrPrivate (C:\Users\playz\cy\node_modules\@babel\parser\lib\index.js:10963:61)
    at TypeScriptParserMixin.parseExprOps (C:\Users\playz\cy\node_modules\@babel\parser\lib\index.js:10968:23)
    at TypeScriptParserMixin.parseMaybeConditional (C:\Users\playz\cy\node_modules\@babel\parser\lib\index.js:10945:23)
    at TypeScriptParserMixin.parseMaybeAssign (C:\Users\playz\cy\node_modules\@babel\parser\lib\index.js:10895:21)
    at TypeScriptParserMixin.parseMaybeAssign (C:\Users\playz\cy\node_modules\@babel\parser\lib\index.js:9839:20)
    at C:\Users\playz\cy\node_modules\@babel\parser\lib\index.js:10864:39
    at TypeScriptParserMixin.allowInAnd (C:\Users\playz\cy\node_modules\@babel\parser\lib\index.js:12495:16)
    at TypeScriptParserMixin.parseMaybeAssignAllowIn (C:\Users\playz\cy\node_modules\@babel\parser\lib\index.js:10864:17)
    at TypeScriptParserMixin.parseVar (C:\Users\playz\cy\node_modules\@babel\parser\lib\index.js:13460:91)
    at TypeScriptParserMixin.parseVarStatement (C:\Users\playz\cy\node_modules\@babel\parser\lib\index.js:13306:10)
    at TypeScriptParserMixin.parseVarStatement (C:\Users\playz\cy\node_modules\@babel\parser\lib\index.js:9469:31)
    at TypeScriptParserMixin.parseStatementContent (C:\Users\playz\cy\node_modules\@babel\parser\lib\index.js:12927:23)
    at TypeScriptParserMixin.parseStatementContent (C:\Users\playz\cy\node_modules\@babel\parser\lib\index.js:9569:18)
    at TypeScriptParserMixin.parseStatementLike (C:\Users\playz\cy\node_modules\@babel\parser\lib\index.js:12843:17)

[1m[31mERROR[39m[22m in [1m[eslint] 
src\pages\estimate\EstimatePage.tsx
  Line 682:16:  Parsing [1m[31merror[39m[22m[1m: JSX expressions [1m[33mmust[39m[22m[1m have one parent element

[39m[22m

webpack compiled with [1m[31m2 errors[39m[22m
Compiling...
Failed to compile.

[eslint] 
src\pages\estimate\EstimatePage.tsx
Syntax error: JSX expressions must have one parent element (682:16)
[1m[31mERROR[39m[22m in [1m./src/pages/estimate/EstimatePage.tsx[39m[22m
Module build failed (from ./node_modules/babel-loader/lib/index.js):
SyntaxError: C:\Users\playz\cy\src\pages\estimate\EstimatePage.tsx: Adjacent JSX elements must be wrapped in an enclosing tag. Did you want a JSX fragment <>...</>? (718:16)

[0m [90m 716 |[39m                 [33m<[39m[33m/[39m[33mdiv[39m[33m>[39m
 [90m 717 |[39m
[31m[1m>[22m[39m[90m 718 |[39m                 [33m<[39m[33mdiv[39m className[33m=[39m[32m"mt-6 grid grid-cols-[1fr_320px] gap-6"[39m[33m>[39m
 [90m     |[39m                 [31m[1m^[22m[39m
 [90m 719 |[39m                     [33m<[39m[33mdiv[39m className[33m=[39m[32m"space-y-3 text-sm"[39m[33m>[39m
 [90m 720 |[39m                         [33m<[39m[33mdiv[39m[33m>[39m
 [90m 721 |[39m                             [33m<[39m[33mdiv[39m className[33m=[39m[32m"font-bold text-slate-800"[39m[33m>[39m범위 및 특이사항[33m<[39m[33m/[39m[33mdiv[39m[33m>[39m[0m
    at constructor (C:\Users\playz\cy\node_modules\@babel\parser\lib\index.js:367:19)
    at TypeScriptParserMixin.raise (C:\Users\playz\cy\node_modules\@babel\parser\lib\index.js:6624:19)
    at TypeScriptParserMixin.jsxParseElementAt (C:\Users\playz\cy\node_modules\@babel\parser\lib\index.js:4771:18)
    at TypeScriptParserMixin.jsxParseElement (C:\Users\playz\cy\node_modules\@babel\parser\lib\index.js:4778:17)
    at TypeScriptParserMixin.parseExprAtom (C:\Users\playz\cy\node_modules\@babel\parser\lib\index.js:4788:19)
    at TypeScriptParserMixin.parseExprSubscripts (C:\Users\playz\cy\node_modules\@babel\parser\lib\index.js:11145:23)
    at TypeScriptParserMixin.parseUpdate (C:\Users\playz\cy\node_modules\@babel\parser\lib\index.js:11130:21)
    at TypeScriptParserMixin.parseMaybeUnary (C:\Users\playz\cy\node_modules\@babel\parser\lib\index.js:11110:23)
    at TypeScriptParserMixin.parseMaybeUnary (C:\Users\playz\cy\node_modules\@babel\parser\lib\index.js:9890:18)
    at TypeScriptParserMixin.parseMaybeUnaryOrPrivate (C:\Users\playz\cy\node_modules\@babel\parser\lib\index.js:10963:61)
    at TypeScriptParserMixin.parseExprOps (C:\Users\playz\cy\node_modules\@babel\parser\lib\index.js:10968:23)
    at TypeScriptParserMixin.parseMaybeConditional (C:\Users\playz\cy\node_modules\@babel\parser\lib\index.js:10945:23)
    at TypeScriptParserMixin.parseMaybeAssign (C:\Users\playz\cy\node_modules\@babel\parser\lib\index.js:10895:21)
    at C:\Users\playz\cy\node_modules\@babel\parser\lib\index.js:9828:39
    at TypeScriptParserMixin.tryParse (C:\Users\playz\cy\node_modules\@babel\parser\lib\index.js:6932:20)
    at TypeScriptParserMixin.parseMaybeAssign (C:\Users\playz\cy\node_modules\@babel\parser\lib\index.js:9828:18)
    at TypeScriptParserMixin.parseExpressionBase (C:\Users\playz\cy\node_modules\@babel\parser\lib\index.js:10848:23)
    at C:\Users\playz\cy\node_modules\@babel\parser\lib\index.js:10844:39
    at TypeScriptParserMixin.allowInAnd (C:\Users\playz\cy\node_modules\@babel\parser\lib\index.js:12495:16)
    at TypeScriptParserMixin.parseExpression (C:\Users\playz\cy\node_modules\@babel\parser\lib\index.js:10844:17)
    at TypeScriptParserMixin.parseStatementContent (C:\Users\playz\cy\node_modules\@babel\parser\lib\index.js:12971:23)
    at TypeScriptParserMixin.parseStatementContent (C:\Users\playz\cy\node_modules\@babel\parser\lib\index.js:9569:18)
    at TypeScriptParserMixin.parseStatementLike (C:\Users\playz\cy\node_modules\@babel\parser\lib\index.js:12843:17)
    at TypeScriptParserMixin.parseStatementListItem (C:\Users\playz\cy\node_modules\@babel\parser\lib\index.js:12823:17)
    at TypeScriptParserMixin.parseBlockOrModuleBlockBody (C:\Users\playz\cy\node_modules\@babel\parser\lib\index.js:13392:61)
    at TypeScriptParserMixin.parseBlockBody (C:\Users\playz\cy\node_modules\@babel\parser\lib\index.js:13385:10)
    at TypeScriptParserMixin.parseBlock (C:\Users\playz\cy\node_modules\@babel\parser\lib\index.js:13373:10)
    at TypeScriptParserMixin.parseFunctionBody (C:\Users\playz\cy\node_modules\@babel\parser\lib\index.js:12174:24)
    at TypeScriptParserMixin.parseArrowExpression (C:\Users\playz\cy\node_modules\@babel\parser\lib\index.js:12149:10)
    at TypeScriptParserMixin.parseParenAndDistinguishExpression (C:\Users\playz\cy\node_modules\@babel\parser\lib\index.js:11759:12)
    at TypeScriptParserMixin.parseExprAtom (C:\Users\playz\cy\node_modules\@babel\parser\lib\index.js:11395:23)
    at TypeScriptParserMixin.parseExprAtom (C:\Users\playz\cy\node_modules\@babel\parser\lib\index.js:4793:20)
    at TypeScriptParserMixin.parseExprSubscripts (C:\Users\playz\cy\node_modules\@babel\parser\lib\index.js:11145:23)
    at TypeScriptParserMixin.parseUpdate (C:\Users\playz\cy\node_modules\@babel\parser\lib\index.js:11130:21)
    at TypeScriptParserMixin.parseMaybeUnary (C:\Users\playz\cy\node_modules\@babel\parser\lib\index.js:11110:23)
    at TypeScriptParserMixin.parseMaybeUnary (C:\Users\playz\cy\node_modules\@babel\parser\lib\index.js:9890:18)
    at TypeScriptParserMixin.parseMaybeUnaryOrPrivate (C:\Users\playz\cy\node_modules\@babel\parser\lib\index.js:10963:61)
    at TypeScriptParserMixin.parseExprOps (C:\Users\playz\cy\node_modules\@babel\parser\lib\index.js:10968:23)
    at TypeScriptParserMixin.parseMaybeConditional (C:\Users\playz\cy\node_modules\@babel\parser\lib\index.js:10945:23)
    at TypeScriptParserMixin.parseMaybeAssign (C:\Users\playz\cy\node_modules\@babel\parser\lib\index.js:10895:21)
    at TypeScriptParserMixin.parseMaybeAssign (C:\Users\playz\cy\node_modules\@babel\parser\lib\index.js:9839:20)
    at C:\Users\playz\cy\node_modules\@babel\parser\lib\index.js:10864:39
    at TypeScriptParserMixin.allowInAnd (C:\Users\playz\cy\node_modules\@babel\parser\lib\index.js:12495:16)
    at TypeScriptParserMixin.parseMaybeAssignAllowIn (C:\Users\playz\cy\node_modules\@babel\parser\lib\index.js:10864:17)
    at TypeScriptParserMixin.parseVar (C:\Users\playz\cy\node_modules\@babel\parser\lib\index.js:13460:91)
    at TypeScriptParserMixin.parseVarStatement (C:\Users\playz\cy\node_modules\@babel\parser\lib\index.js:13306:10)
    at TypeScriptParserMixin.parseVarStatement (C:\Users\playz\cy\node_modules\@babel\parser\lib\index.js:9469:31)
    at TypeScriptParserMixin.parseStatementContent (C:\Users\playz\cy\node_modules\@babel\parser\lib\index.js:12927:23)
    at TypeScriptParserMixin.parseStatementContent (C:\Users\playz\cy\node_modules\@babel\parser\lib\index.js:9569:18)
    at TypeScriptParserMixin.parseStatementLike (C:\Users\playz\cy\node_modules\@babel\parser\lib\index.js:12843:17)

[1m[31mERROR[39m[22m in [1m[eslint] 
src\pages\estimate\EstimatePage.tsx
  Line 682:16:  Parsing [1m[31merror[39m[22m[1m: JSX expressions [1m[33mmust[39m[22m[1m have one parent element

[39m[22m

webpack compiled with [1m[31m2 errors[39m[22m
Files successfully emitted, waiting for typecheck results...
Issues checking in progress...
Compiling...
Failed to compile.

[eslint] 
src\pages\estimate\EstimatePage.tsx
Syntax error: JSX expressions must have one parent element (754:16)
[1m[31mERROR[39m[22m in [1m./src/pages/estimate/EstimatePage.tsx[39m[22m
Module build failed (from ./node_modules/babel-loader/lib/index.js):
SyntaxError: C:\Users\playz\cy\src\pages\estimate\EstimatePage.tsx: Adjacent JSX elements must be wrapped in an enclosing tag. Did you want a JSX fragment <>...</>? (790:16)

[0m [90m 788 |[39m                 [33m<[39m[33m/[39m[33mdiv[39m[33m>[39m
 [90m 789 |[39m
[31m[1m>[22m[39m[90m 790 |[39m                 [33m<[39m[33mdiv[39m className[33m=[39m[32m"mt-6 grid grid-cols-[1fr_320px] gap-6"[39m[33m>[39m
 [90m     |[39m                 [31m[1m^[22m[39m
 [90m 791 |[39m                     [33m<[39m[33mdiv[39m className[33m=[39m[32m"space-y-3 text-sm"[39m[33m>[39m
 [90m 792 |[39m                         [33m<[39m[33mdiv[39m[33m>[39m
 [90m 793 |[39m                             [33m<[39m[33mdiv[39m className[33m=[39m[32m"font-bold text-slate-800"[39m[33m>[39m범위 및 특이사항[33m<[39m[33m/[39m[33mdiv[39m[33m>[39m[0m
    at constructor (C:\Users\playz\cy\node_modules\@babel\parser\lib\index.js:367:19)
    at TypeScriptParserMixin.raise (C:\Users\playz\cy\node_modules\@babel\parser\lib\index.js:6624:19)
    at TypeScriptParserMixin.jsxParseElementAt (C:\Users\playz\cy\node_modules\@babel\parser\lib\index.js:4771:18)
    at TypeScriptParserMixin.jsxParseElement (C:\Users\playz\cy\node_modules\@babel\parser\lib\index.js:4778:17)
    at TypeScriptParserMixin.parseExprAtom (C:\Users\playz\cy\node_modules\@babel\parser\lib\index.js:4788:19)
    at TypeScriptParserMixin.parseExprSubscripts (C:\Users\playz\cy\node_modules\@babel\parser\lib\index.js:11145:23)
    at TypeScriptParserMixin.parseUpdate (C:\Users\playz\cy\node_modules\@babel\parser\lib\index.js:11130:21)
    at TypeScriptParserMixin.parseMaybeUnary (C:\Users\playz\cy\node_modules\@babel\parser\lib\index.js:11110:23)
    at TypeScriptParserMixin.parseMaybeUnary (C:\Users\playz\cy\node_modules\@babel\parser\lib\index.js:9890:18)
    at TypeScriptParserMixin.parseMaybeUnaryOrPrivate (C:\Users\playz\cy\node_modules\@babel\parser\lib\index.js:10963:61)
    at TypeScriptParserMixin.parseExprOps (C:\Users\playz\cy\node_modules\@babel\parser\lib\index.js:10968:23)
    at TypeScriptParserMixin.parseMaybeConditional (C:\Users\playz\cy\node_modules\@babel\parser\lib\index.js:10945:23)
    at TypeScriptParserMixin.parseMaybeAssign (C:\Users\playz\cy\node_modules\@babel\parser\lib\index.js:10895:21)
    at C:\Users\playz\cy\node_modules\@babel\parser\lib\index.js:9828:39
    at TypeScriptParserMixin.tryParse (C:\Users\playz\cy\node_modules\@babel\parser\lib\index.js:6932:20)
    at TypeScriptParserMixin.parseMaybeAssign (C:\Users\playz\cy\node_modules\@babel\parser\lib\index.js:9828:18)
    at TypeScriptParserMixin.parseExpressionBase (C:\Users\playz\cy\node_modules\@babel\parser\lib\index.js:10848:23)
    at C:\Users\playz\cy\node_modules\@babel\parser\lib\index.js:10844:39
    at TypeScriptParserMixin.allowInAnd (C:\Users\playz\cy\node_modules\@babel\parser\lib\index.js:12495:16)
    at TypeScriptParserMixin.parseExpression (C:\Users\playz\cy\node_modules\@babel\parser\lib\index.js:10844:17)
    at TypeScriptParserMixin.parseStatementContent (C:\Users\playz\cy\node_modules\@babel\parser\lib\index.js:12971:23)
    at TypeScriptParserMixin.parseStatementContent (C:\Users\playz\cy\node_modules\@babel\parser\lib\index.js:9569:18)
    at TypeScriptParserMixin.parseStatementLike (C:\Users\playz\cy\node_modules\@babel\parser\lib\index.js:12843:17)
    at TypeScriptParserMixin.parseStatementListItem (C:\Users\playz\cy\node_modules\@babel\parser\lib\index.js:12823:17)
    at TypeScriptParserMixin.parseBlockOrModuleBlockBody (C:\Users\playz\cy\node_modules\@babel\parser\lib\index.js:13392:61)
    at TypeScriptParserMixin.parseBlockBody (C:\Users\playz\cy\node_modules\@babel\parser\lib\index.js:13385:10)
    at TypeScriptParserMixin.parseBlock (C:\Users\playz\cy\node_modules\@babel\parser\lib\index.js:13373:10)
    at TypeScriptParserMixin.parseFunctionBody (C:\Users\playz\cy\node_modules\@babel\parser\lib\index.js:12174:24)
    at TypeScriptParserMixin.parseArrowExpression (C:\Users\playz\cy\node_modules\@babel\parser\lib\index.js:12149:10)
    at TypeScriptParserMixin.parseParenAndDistinguishExpression (C:\Users\playz\cy\node_modules\@babel\parser\lib\index.js:11759:12)
    at TypeScriptParserMixin.parseExprAtom (C:\Users\playz\cy\node_modules\@babel\parser\lib\index.js:11395:23)
    at TypeScriptParserMixin.parseExprAtom (C:\Users\playz\cy\node_modules\@babel\parser\lib\index.js:4793:20)
    at TypeScriptParserMixin.parseExprSubscripts (C:\Users\playz\cy\node_modules\@babel\parser\lib\index.js:11145:23)
    at TypeScriptParserMixin.parseUpdate (C:\Users\playz\cy\node_modules\@babel\parser\lib\index.js:11130:21)
    at TypeScriptParserMixin.parseMaybeUnary (C:\Users\playz\cy\node_modules\@babel\parser\lib\index.js:11110:23)
    at TypeScriptParserMixin.parseMaybeUnary (C:\Users\playz\cy\node_modules\@babel\parser\lib\index.js:9890:18)
    at TypeScriptParserMixin.parseMaybeUnaryOrPrivate (C:\Users\playz\cy\node_modules\@babel\parser\lib\index.js:10963:61)
    at TypeScriptParserMixin.parseExprOps (C:\Users\playz\cy\node_modules\@babel\parser\lib\index.js:10968:23)
    at TypeScriptParserMixin.parseMaybeConditional (C:\Users\playz\cy\node_modules\@babel\parser\lib\index.js:10945:23)
    at TypeScriptParserMixin.parseMaybeAssign (C:\Users\playz\cy\node_modules\@babel\parser\lib\index.js:10895:21)
    at TypeScriptParserMixin.parseMaybeAssign (C:\Users\playz\cy\node_modules\@babel\parser\lib\index.js:9839:20)
    at C:\Users\playz\cy\node_modules\@babel\parser\lib\index.js:10864:39
    at TypeScriptParserMixin.allowInAnd (C:\Users\playz\cy\node_modules\@babel\parser\lib\index.js:12495:16)
    at TypeScriptParserMixin.parseMaybeAssignAllowIn (C:\Users\playz\cy\node_modules\@babel\parser\lib\index.js:10864:17)
    at TypeScriptParserMixin.parseVar (C:\Users\playz\cy\node_modules\@babel\parser\lib\index.js:13460:91)
    at TypeScriptParserMixin.parseVarStatement (C:\Users\playz\cy\node_modules\@babel\parser\lib\index.js:13306:10)
    at TypeScriptParserMixin.parseVarStatement (C:\Users\playz\cy\node_modules\@babel\parser\lib\index.js:9469:31)
    at TypeScriptParserMixin.parseStatementContent (C:\Users\playz\cy\node_modules\@babel\parser\lib\index.js:12927:23)
    at TypeScriptParserMixin.parseStatementContent (C:\Users\playz\cy\node_modules\@babel\parser\lib\index.js:9569:18)
    at TypeScriptParserMixin.parseStatementLike (C:\Users\playz\cy\node_modules\@babel\parser\lib\index.js:12843:17)

[1m[31mERROR[39m[22m in [1m[eslint] 
src\pages\estimate\EstimatePage.tsx
  Line 754:16:  Parsing [1m[31merror[39m[22m[1m: JSX expressions [1m[33mmust[39m[22m[1m have one parent element

[39m[22m

webpack compiled with [1m[31m2 errors[39m[22m
Compiling...
Failed to compile.

[eslint] 
src\pages\estimate\EstimatePage.tsx
Syntax error: JSX expressions must have one parent element (752:16)
[1m[31mERROR[39m[22m in [1m./src/pages/estimate/EstimatePage.tsx[39m[22m
Module build failed (from ./node_modules/babel-loader/lib/index.js):
SyntaxError: C:\Users\playz\cy\src\pages\estimate\EstimatePage.tsx: Adjacent JSX elements must be wrapped in an enclosing tag. Did you want a JSX fragment <>...</>? (788:16)

[0m [90m 786 |[39m                 [33m<[39m[33m/[39m[33mdiv[39m[33m>[39m
 [90m 787 |[39m
[31m[1m>[22m[39m[90m 788 |[39m                 [33m<[39m[33mdiv[39m className[33m=[39m[32m"mt-6 grid grid-cols-[1fr_320px] gap-6"[39m[33m>[39m
 [90m     |[39m                 [31m[1m^[22m[39m
 [90m 789 |[39m                     [33m<[39m[33mdiv[39m className[33m=[39m[32m"space-y-3 text-sm"[39m[33m>[39m
 [90m 790 |[39m                         [33m<[39m[33mdiv[39m[33m>[39m
 [90m 791 |[39m                             [33m<[39m[33mdiv[39m className[33m=[39m[32m"font-bold text-slate-800"[39m[33m>[39m범위 및 특이사항[33m<[39m[33m/[39m[33mdiv[39m[33m>[39m[0m
    at constructor (C:\Users\playz\cy\node_modules\@babel\parser\lib\index.js:367:19)
    at TypeScriptParserMixin.raise (C:\Users\playz\cy\node_modules\@babel\parser\lib\index.js:6624:19)
    at TypeScriptParserMixin.jsxParseElementAt (C:\Users\playz\cy\node_modules\@babel\parser\lib\index.js:4771:18)
    at TypeScriptParserMixin.jsxParseElement (C:\Users\playz\cy\node_modules\@babel\parser\lib\index.js:4778:17)
    at TypeScriptParserMixin.parseExprAtom (C:\Users\playz\cy\node_modules\@babel\parser\lib\index.js:4788:19)
    at TypeScriptParserMixin.parseExprSubscripts (C:\Users\playz\cy\node_modules\@babel\parser\lib\index.js:11145:23)
    at TypeScriptParserMixin.parseUpdate (C:\Users\playz\cy\node_modules\@babel\parser\lib\index.js:11130:21)
    at TypeScriptParserMixin.parseMaybeUnary (C:\Users\playz\cy\node_modules\@babel\parser\lib\index.js:11110:23)
    at TypeScriptParserMixin.parseMaybeUnary (C:\Users\playz\cy\node_modules\@babel\parser\lib\index.js:9890:18)
    at TypeScriptParserMixin.parseMaybeUnaryOrPrivate (C:\Users\playz\cy\node_modules\@babel\parser\lib\index.js:10963:61)
    at TypeScriptParserMixin.parseExprOps (C:\Users\playz\cy\node_modules\@babel\parser\lib\index.js:10968:23)
    at TypeScriptParserMixin.parseMaybeConditional (C:\Users\playz\cy\node_modules\@babel\parser\lib\index.js:10945:23)
    at TypeScriptParserMixin.parseMaybeAssign (C:\Users\playz\cy\node_modules\@babel\parser\lib\index.js:10895:21)
    at C:\Users\playz\cy\node_modules\@babel\parser\lib\index.js:9828:39
    at TypeScriptParserMixin.tryParse (C:\Users\playz\cy\node_modules\@babel\parser\lib\index.js:6932:20)
    at TypeScriptParserMixin.parseMaybeAssign (C:\Users\playz\cy\node_modules\@babel\parser\lib\index.js:9828:18)
    at TypeScriptParserMixin.parseExpressionBase (C:\Users\playz\cy\node_modules\@babel\parser\lib\index.js:10848:23)
    at C:\Users\playz\cy\node_modules\@babel\parser\lib\index.js:10844:39
    at TypeScriptParserMixin.allowInAnd (C:\Users\playz\cy\node_modules\@babel\parser\lib\index.js:12495:16)
    at TypeScriptParserMixin.parseExpression (C:\Users\playz\cy\node_modules\@babel\parser\lib\index.js:10844:17)
    at TypeScriptParserMixin.parseStatementContent (C:\Users\playz\cy\node_modules\@babel\parser\lib\index.js:12971:23)
    at TypeScriptParserMixin.parseStatementContent (C:\Users\playz\cy\node_modules\@babel\parser\lib\index.js:9569:18)
    at TypeScriptParserMixin.parseStatementLike (C:\Users\playz\cy\node_modules\@babel\parser\lib\index.js:12843:17)
    at TypeScriptParserMixin.parseStatementListItem (C:\Users\playz\cy\node_modules\@babel\parser\lib\index.js:12823:17)
    at TypeScriptParserMixin.parseBlockOrModuleBlockBody (C:\Users\playz\cy\node_modules\@babel\parser\lib\index.js:13392:61)
    at TypeScriptParserMixin.parseBlockBody (C:\Users\playz\cy\node_modules\@babel\parser\lib\index.js:13385:10)
    at TypeScriptParserMixin.parseBlock (C:\Users\playz\cy\node_modules\@babel\parser\lib\index.js:13373:10)
    at TypeScriptParserMixin.parseFunctionBody (C:\Users\playz\cy\node_modules\@babel\parser\lib\index.js:12174:24)
    at TypeScriptParserMixin.parseArrowExpression (C:\Users\playz\cy\node_modules\@babel\parser\lib\index.js:12149:10)
    at TypeScriptParserMixin.parseParenAndDistinguishExpression (C:\Users\playz\cy\node_modules\@babel\parser\lib\index.js:11759:12)
    at TypeScriptParserMixin.parseExprAtom (C:\Users\playz\cy\node_modules\@babel\parser\lib\index.js:11395:23)
    at TypeScriptParserMixin.parseExprAtom (C:\Users\playz\cy\node_modules\@babel\parser\lib\index.js:4793:20)
    at TypeScriptParserMixin.parseExprSubscripts (C:\Users\playz\cy\node_modules\@babel\parser\lib\index.js:11145:23)
    at TypeScriptParserMixin.parseUpdate (C:\Users\playz\cy\node_modules\@babel\parser\lib\index.js:11130:21)
    at TypeScriptParserMixin.parseMaybeUnary (C:\Users\playz\cy\node_modules\@babel\parser\lib\index.js:11110:23)
    at TypeScriptParserMixin.parseMaybeUnary (C:\Users\playz\cy\node_modules\@babel\parser\lib\index.js:9890:18)
    at TypeScriptParserMixin.parseMaybeUnaryOrPrivate (C:\Users\playz\cy\node_modules\@babel\parser\lib\index.js:10963:61)
    at TypeScriptParserMixin.parseExprOps (C:\Users\playz\cy\node_modules\@babel\parser\lib\index.js:10968:23)
    at TypeScriptParserMixin.parseMaybeConditional (C:\Users\playz\cy\node_modules\@babel\parser\lib\index.js:10945:23)
    at TypeScriptParserMixin.parseMaybeAssign (C:\Users\playz\cy\node_modules\@babel\parser\lib\index.js:10895:21)
    at TypeScriptParserMixin.parseMaybeAssign (C:\Users\playz\cy\node_modules\@babel\parser\lib\index.js:9839:20)
    at C:\Users\playz\cy\node_modules\@babel\parser\lib\index.js:10864:39
    at TypeScriptParserMixin.allowInAnd (C:\Users\playz\cy\node_modules\@babel\parser\lib\index.js:12495:16)
    at TypeScriptParserMixin.parseMaybeAssignAllowIn (C:\Users\playz\cy\node_modules\@babel\parser\lib\index.js:10864:17)
    at TypeScriptParserMixin.parseVar (C:\Users\playz\cy\node_modules\@babel\parser\lib\index.js:13460:91)
    at TypeScriptParserMixin.parseVarStatement (C:\Users\playz\cy\node_modules\@babel\parser\lib\index.js:13306:10)
    at TypeScriptParserMixin.parseVarStatement (C:\Users\playz\cy\node_modules\@babel\parser\lib\index.js:9469:31)
    at TypeScriptParserMixin.parseStatementContent (C:\Users\playz\cy\node_modules\@babel\parser\lib\index.js:12927:23)
    at TypeScriptParserMixin.parseStatementContent (C:\Users\playz\cy\node_modules\@babel\parser\lib\index.js:9569:18)
    at TypeScriptParserMixin.parseStatementLike (C:\Users\playz\cy\node_modules\@babel\parser\lib\index.js:12843:17)

[1m[31mERROR[39m[22m in [1m[eslint] 
src\pages\estimate\EstimatePage.tsx
  Line 752:16:  Parsing [1m[31merror[39m[22m[1m: JSX expressions [1m[33mmust[39m[22m[1m have one parent element

[39m[22m

webpack compiled with [1m[31m2 errors[39m[22m
Compiling...
Compiled successfully!
webpack compiled [1m[32msuccessfully[39m[22m
Compiling...
No issues found.
Compiled successfully!
webpack compiled [1m[32msuccessfully[39m[22m
No issues found.
Compiling...
Compiled successfully!
webpack compiled [1m[32msuccessfully[39m[22m
No issues found.
Compiling...
Compiled successfully!
webpack compiled [1m[32msuccessfully[39m[22m
No issues found.
Compiling...
Compiled successfully!
webpack compiled [1m[32msuccessfully[39m[22m
No issues found.
Compiling...
Compiled successfully!
webpack compiled [1m[32msuccessfully[39m[22m
Compiling...
No issues found.
Compiled successfully!
webpack compiled [1m[32msuccessfully[39m[22m
Compiling...
Files successfully emitted, waiting for typecheck results...
Issues checking in progress...
Compiled successfully!
webpack compiled [1m[32msuccessfully[39m[22m
Files successfully emitted, waiting for typecheck results...
Issues checking in progress...
No issues found.
Compiling...
Compiled successfully!
webpack compiled [1m[32msuccessfully[39m[22m
No issues found.
Compiling...
Compiled successfully!
webpack compiled [1m[32msuccessfully[39m[22m
No issues found.
Compiling...
Compiled successfully!
webpack compiled [1m[32msuccessfully[39m[22m
No issues found.
Compiling...
Compiled successfully!
webpack compiled [1m[32msuccessfully[39m[22m
No issues found.
Compiling...
Compiled successfully!
webpack compiled [1m[32msuccessfully[39m[22m
No issues found.
Compiling...
Compiled successfully!
webpack compiled [1m[32msuccessfully[39m[22m
No issues found.
Compiling...
Compiled successfully!
webpack compiled [1m[32msuccessfully[39m[22m
No issues found.
Compiling...
Compiled successfully!
webpack compiled [1m[32msuccessfully[39m[22m
No issues found.
Compiling...
Compiled successfully!
webpack compiled [1m[32msuccessfully[39m[22m
No issues found.
Compiling...
Compiled successfully!
webpack compiled [1m[32msuccessfully[39m[22m
No issues found.
Compiling...
Compiled successfully!
webpack compiled [1m[32msuccessfully[39m[22m
No issues found.
Compiling...
Compiled successfully!
webpack compiled [1m[32msuccessfully[39m[22m
No issues found.
Compiling...
Compiled successfully!
webpack compiled [1m[32msuccessfully[39m[22m
No issues found.
Compiling...
Compiled successfully!
webpack compiled [1m[32msuccessfully[39m[22m
No issues found.
Compiling...
Compiled successfully!
webpack compiled [1m[32msuccessfully[39m[22m
No issues found.
Compiling...
Failed to compile.

[eslint] 
src\pages\estimate\EstimatePage.tsx
Syntax error: ':' expected (1521:21)
[1m[31mERROR[39m[22m in [1m./src/pages/estimate/EstimatePage.tsx[39m[22m
Module build failed (from ./node_modules/babel-loader/lib/index.js):
SyntaxError: C:\Users\playz\cy\src\pages\estimate\EstimatePage.tsx: Unexpected token, expected ":" (1521:21)

[0m [90m 1519 |[39m                             [33m<[39m[33m/[39m[33msection[39m[33m>[39m
 [90m 1520 |[39m                         [33m<[39m[33m/[39m[33mdiv[39m[33m>[39m
[31m[1m>[22m[39m[90m 1521 |[39m                     )}
 [90m      |[39m                      [31m[1m^[22m[39m
 [90m 1522 |[39m                 [33m<[39m[33m/[39m[33mmain[39m[33m>[39m
 [90m 1523 |[39m             [33m<[39m[33m/[39m[33mdiv[39m[33m>[39m
 [90m 1524 |[39m         [33m<[39m[33m/[39m[33mdiv[39m[33m>[39m[0m
    at constructor (C:\Users\playz\cy\node_modules\@babel\parser\lib\index.js:367:19)
    at TypeScriptParserMixin.raise (C:\Users\playz\cy\node_modules\@babel\parser\lib\index.js:6624:19)
    at TypeScriptParserMixin.unexpected (C:\Users\playz\cy\node_modules\@babel\parser\lib\index.js:6644:16)
    at TypeScriptParserMixin.expect (C:\Users\playz\cy\node_modules\@babel\parser\lib\index.js:6924:12)
    at TypeScriptParserMixin.parseConditional (C:\Users\playz\cy\node_modules\@babel\parser\lib\index.js:10956:12)
    at TypeScriptParserMixin.parseConditional (C:\Users\playz\cy\node_modules\@babel\parser\lib\index.js:9664:18)
    at TypeScriptParserMixin.parseMaybeConditional (C:\Users\playz\cy\node_modules\@babel\parser\lib\index.js:10949:17)
    at TypeScriptParserMixin.parseMaybeAssign (C:\Users\playz\cy\node_modules\@babel\parser\lib\index.js:10895:21)
    at TypeScriptParserMixin.parseMaybeAssign (C:\Users\playz\cy\node_modules\@babel\parser\lib\index.js:9839:20)
    at TypeScriptParserMixin.parseConditional (C:\Users\playz\cy\node_modules\@babel\parser\lib\index.js:10957:29)
    at TypeScriptParserMixin.parseConditional (C:\Users\playz\cy\node_modules\@babel\parser\lib\index.js:9664:18)
    at TypeScriptParserMixin.parseMaybeConditional (C:\Users\playz\cy\node_modules\@babel\parser\lib\index.js:10949:17)
    at TypeScriptParserMixin.parseMaybeAssign (C:\Users\playz\cy\node_modules\@babel\parser\lib\index.js:10895:21)
    at TypeScriptParserMixin.parseMaybeAssign (C:\Users\playz\cy\node_modules\@babel\parser\lib\index.js:9839:20)
    at TypeScriptParserMixin.parseConditional (C:\Users\playz\cy\node_modules\@babel\parser\lib\index.js:10957:29)
    at TypeScriptParserMixin.parseConditional (C:\Users\playz\cy\node_modules\@babel\parser\lib\index.js:9664:18)
    at TypeScriptParserMixin.parseMaybeConditional (C:\Users\playz\cy\node_modules\@babel\parser\lib\index.js:10949:17)
    at TypeScriptParserMixin.parseMaybeAssign (C:\Users\playz\cy\node_modules\@babel\parser\lib\index.js:10895:21)
    at TypeScriptParserMixin.parseMaybeAssign (C:\Users\playz\cy\node_modules\@babel\parser\lib\index.js:9839:20)
    at TypeScriptParserMixin.parseExpressionBase (C:\Users\playz\cy\node_modules\@babel\parser\lib\index.js:10848:23)
    at C:\Users\playz\cy\node_modules\@babel\parser\lib\index.js:10844:39
    at TypeScriptParserMixin.allowInAnd (C:\Users\playz\cy\node_modules\@babel\parser\lib\index.js:12500:12)
    at TypeScriptParserMixin.parseExpression (C:\Users\playz\cy\node_modules\@babel\parser\lib\index.js:10844:17)
    at TypeScriptParserMixin.jsxParseExpressionContainer (C:\Users\playz\cy\node_modules\@babel\parser\lib\index.js:4661:31)
    at TypeScriptParserMixin.jsxParseElementAt (C:\Users\playz\cy\node_modules\@babel\parser\lib\index.js:4740:36)
    at TypeScriptParserMixin.jsxParseElementAt (C:\Users\playz\cy\node_modules\@babel\parser\lib\index.js:4727:32)
    at TypeScriptParserMixin.jsxParseElementAt (C:\Users\playz\cy\node_modules\@babel\parser\lib\index.js:4727:32)
    at TypeScriptParserMixin.jsxParseElement (C:\Users\playz\cy\node_modules\@babel\parser\lib\index.js:4778:17)
    at TypeScriptParserMixin.parseExprAtom (C:\Users\playz\cy\node_modules\@babel\parser\lib\index.js:4788:19)
    at TypeScriptParserMixin.parseExprSubscripts (C:\Users\playz\cy\node_modules\@babel\parser\lib\index.js:11145:23)
    at TypeScriptParserMixin.parseUpdate (C:\Users\playz\cy\node_modules\@babel\parser\lib\index.js:11130:21)
    at TypeScriptParserMixin.parseMaybeUnary (C:\Users\playz\cy\node_modules\@babel\parser\lib\index.js:11110:23)
    at TypeScriptParserMixin.parseMaybeUnary (C:\Users\playz\cy\node_modules\@babel\parser\lib\index.js:9890:18)
    at TypeScriptParserMixin.parseMaybeUnaryOrPrivate (C:\Users\playz\cy\node_modules\@babel\parser\lib\index.js:10963:61)
    at TypeScriptParserMixin.parseExprOps (C:\Users\playz\cy\node_modules\@babel\parser\lib\index.js:10968:23)
    at TypeScriptParserMixin.parseMaybeConditional (C:\Users\playz\cy\node_modules\@babel\parser\lib\index.js:10945:23)
    at TypeScriptParserMixin.parseMaybeAssign (C:\Users\playz\cy\node_modules\@babel\parser\lib\index.js:10895:21)
    at C:\Users\playz\cy\node_modules\@babel\parser\lib\index.js:9828:39
    at TypeScriptParserMixin.tryParse (C:\Users\playz\cy\node_modules\@babel\parser\lib\index.js:6932:20)
    at TypeScriptParserMixin.parseMaybeAssign (C:\Users\playz\cy\node_modules\@babel\parser\lib\index.js:9828:18)
    at C:\Users\playz\cy\node_modules\@babel\parser\lib\index.js:10864:39
    at TypeScriptParserMixin.allowInAnd (C:\Users\playz\cy\node_modules\@babel\parser\lib\index.js:12500:12)
    at TypeScriptParserMixin.parseMaybeAssignAllowIn (C:\Users\playz\cy\node_modules\@babel\parser\lib\index.js:10864:17)
    at TypeScriptParserMixin.parseMaybeAssignAllowInOrVoidPattern (C:\Users\playz\cy\node_modules\@babel\parser\lib\index.js:12567:17)
    at TypeScriptParserMixin.parseParenAndDistinguishExpression (C:\Users\playz\cy\node_modules\@babel\parser\lib\index.js:11747:28)
    at TypeScriptParserMixin.parseExprAtom (C:\Users\playz\cy\node_modules\@babel\parser\lib\index.js:11395:23)
    at TypeScriptParserMixin.parseExprAtom (C:\Users\playz\cy\node_modules\@babel\parser\lib\index.js:4793:20)
    at TypeScriptParserMixin.parseExprSubscripts (C:\Users\playz\cy\node_modules\@babel\parser\lib\index.js:11145:23)
    at TypeScriptParserMixin.parseUpdate (C:\Users\playz\cy\node_modules\@babel\parser\lib\index.js:11130:21)
    at TypeScriptParserMixin.parseMaybeUnary (C:\Users\playz\cy\node_modules\@babel\parser\lib\index.js:11110:23)

[1m[31mERROR[39m[22m in [1m[eslint] 
src\pages\estimate\EstimatePage.tsx
  Line 1521:21:  Parsing [1m[31merror[39m[22m[1m: ':' expected

[39m[22m

webpack compiled with [1m[31m2 errors[39m[22m
Compiling...
Failed to compile.

[eslint] 
src\pages\estimate\EstimatePage.tsx
Syntax error: JSX expressions must have one parent element (1496:28)
[1m[31mERROR[39m[22m in [1m./src/pages/estimate/EstimatePage.tsx[39m[22m
Module build failed (from ./node_modules/babel-loader/lib/index.js):
SyntaxError: C:\Users\playz\cy\src\pages\estimate\EstimatePage.tsx: Adjacent JSX elements must be wrapped in an enclosing tag. Did you want a JSX fragment <>...</>? (1555:28)

[0m [90m 1553 |[39m                             [33m<[39m[33m/[39m[33msection[39m[33m>[39m
 [90m 1554 |[39m
[31m[1m>[22m[39m[90m 1555 |[39m                             [33m<[39m[33msection[39m className[33m=[39m[32m"rounded-lg border border-slate-200 bg-white"[39m[33m>[39m
 [90m      |[39m                             [31m[1m^[22m[39m
 [90m 1556 |[39m                                 [33m<[39m[33mdiv[39m className[33m=[39m[32m"flex items-center justify-between border-b border-slate-200 px-5 py-4"[39m[33m>[39m
 [90m 1557 |[39m                                     [33m<[39m[33mdiv[39m[33m>[39m
 [90m 1558 |[39m                                         [33m<[39m[33mh2[39m className[33m=[39m[32m"font-extrabold text-slate-900"[39m[33m>[39m견적 항목[33m<[39m[33m/[39m[33mh2[39m[33m>[39m[0m
    at constructor (C:\Users\playz\cy\node_modules\@babel\parser\lib\index.js:367:19)
    at TypeScriptParserMixin.raise (C:\Users\playz\cy\node_modules\@babel\parser\lib\index.js:6624:19)
    at TypeScriptParserMixin.jsxParseElementAt (C:\Users\playz\cy\node_modules\@babel\parser\lib\index.js:4771:18)
    at TypeScriptParserMixin.jsxParseElement (C:\Users\playz\cy\node_modules\@babel\parser\lib\index.js:4778:17)
    at TypeScriptParserMixin.parseExprAtom (C:\Users\playz\cy\node_modules\@babel\parser\lib\index.js:4788:19)
    at TypeScriptParserMixin.parseExprSubscripts (C:\Users\playz\cy\node_modules\@babel\parser\lib\index.js:11145:23)
    at TypeScriptParserMixin.parseUpdate (C:\Users\playz\cy\node_modules\@babel\parser\lib\index.js:11130:21)
    at TypeScriptParserMixin.parseMaybeUnary (C:\Users\playz\cy\node_modules\@babel\parser\lib\index.js:11110:23)
    at TypeScriptParserMixin.parseMaybeUnary (C:\Users\playz\cy\node_modules\@babel\parser\lib\index.js:9890:18)
    at TypeScriptParserMixin.parseMaybeUnaryOrPrivate (C:\Users\playz\cy\node_modules\@babel\parser\lib\index.js:10963:61)
    at TypeScriptParserMixin.parseExprOps (C:\Users\playz\cy\node_modules\@babel\parser\lib\index.js:10968:23)
    at TypeScriptParserMixin.parseMaybeConditional (C:\Users\playz\cy\node_modules\@babel\parser\lib\index.js:10945:23)
    at TypeScriptParserMixin.parseMaybeAssign (C:\Users\playz\cy\node_modules\@babel\parser\lib\index.js:10895:21)
    at C:\Users\playz\cy\node_modules\@babel\parser\lib\index.js:9828:39
    at TypeScriptParserMixin.tryParse (C:\Users\playz\cy\node_modules\@babel\parser\lib\index.js:6932:20)
    at TypeScriptParserMixin.parseMaybeAssign (C:\Users\playz\cy\node_modules\@babel\parser\lib\index.js:9828:18)
    at C:\Users\playz\cy\node_modules\@babel\parser\lib\index.js:10864:39
    at TypeScriptParserMixin.allowInAnd (C:\Users\playz\cy\node_modules\@babel\parser\lib\index.js:12500:12)
    at TypeScriptParserMixin.parseMaybeAssignAllowIn (C:\Users\playz\cy\node_modules\@babel\parser\lib\index.js:10864:17)
    at TypeScriptParserMixin.parseMaybeAssignAllowInOrVoidPattern (C:\Users\playz\cy\node_modules\@babel\parser\lib\index.js:12567:17)
    at TypeScriptParserMixin.parseParenAndDistinguishExpression (C:\Users\playz\cy\node_modules\@babel\parser\lib\index.js:11747:28)
    at TypeScriptParserMixin.parseExprAtom (C:\Users\playz\cy\node_modules\@babel\parser\lib\index.js:11395:23)
    at TypeScriptParserMixin.parseExprAtom (C:\Users\playz\cy\node_modules\@babel\parser\lib\index.js:4793:20)
    at TypeScriptParserMixin.parseExprSubscripts (C:\Users\playz\cy\node_modules\@babel\parser\lib\index.js:11145:23)
    at TypeScriptParserMixin.parseUpdate (C:\Users\playz\cy\node_modules\@babel\parser\lib\index.js:11130:21)
    at TypeScriptParserMixin.parseMaybeUnary (C:\Users\playz\cy\node_modules\@babel\parser\lib\index.js:11110:23)
    at TypeScriptParserMixin.parseMaybeUnary (C:\Users\playz\cy\node_modules\@babel\parser\lib\index.js:9890:18)
    at TypeScriptParserMixin.parseMaybeUnaryOrPrivate (C:\Users\playz\cy\node_modules\@babel\parser\lib\index.js:10963:61)
    at TypeScriptParserMixin.parseExprOps (C:\Users\playz\cy\node_modules\@babel\parser\lib\index.js:10968:23)
    at TypeScriptParserMixin.parseMaybeConditional (C:\Users\playz\cy\node_modules\@babel\parser\lib\index.js:10945:23)
    at TypeScriptParserMixin.parseMaybeAssign (C:\Users\playz\cy\node_modules\@babel\parser\lib\index.js:10895:21)
    at TypeScriptParserMixin.parseMaybeAssign (C:\Users\playz\cy\node_modules\@babel\parser\lib\index.js:9839:20)
    at TypeScriptParserMixin.parseConditional (C:\Users\playz\cy\node_modules\@babel\parser\lib\index.js:10957:29)
    at TypeScriptParserMixin.parseConditional (C:\Users\playz\cy\node_modules\@babel\parser\lib\index.js:9664:18)
    at TypeScriptParserMixin.parseMaybeConditional (C:\Users\playz\cy\node_modules\@babel\parser\lib\index.js:10949:17)
    at TypeScriptParserMixin.parseMaybeAssign (C:\Users\playz\cy\node_modules\@babel\parser\lib\index.js:10895:21)
    at TypeScriptParserMixin.parseMaybeAssign (C:\Users\playz\cy\node_modules\@babel\parser\lib\index.js:9839:20)
    at TypeScriptParserMixin.parseConditional (C:\Users\playz\cy\node_modules\@babel\parser\lib\index.js:10957:29)
    at TypeScriptParserMixin.parseConditional (C:\Users\playz\cy\node_modules\@babel\parser\lib\index.js:9664:18)
    at TypeScriptParserMixin.parseMaybeConditional (C:\Users\playz\cy\node_modules\@babel\parser\lib\index.js:10949:17)
    at TypeScriptParserMixin.parseMaybeAssign (C:\Users\playz\cy\node_modules\@babel\parser\lib\index.js:10895:21)
    at TypeScriptParserMixin.parseMaybeAssign (C:\Users\playz\cy\node_modules\@babel\parser\lib\index.js:9839:20)
    at TypeScriptParserMixin.parseConditional (C:\Users\playz\cy\node_modules\@babel\parser\lib\index.js:10957:29)
    at TypeScriptParserMixin.parseConditional (C:\Users\playz\cy\node_modules\@babel\parser\lib\index.js:9664:18)
    at TypeScriptParserMixin.parseMaybeConditional (C:\Users\playz\cy\node_modules\@babel\parser\lib\index.js:10949:17)
    at TypeScriptParserMixin.parseMaybeAssign (C:\Users\playz\cy\node_modules\@babel\parser\lib\index.js:10895:21)
    at TypeScriptParserMixin.parseMaybeAssign (C:\Users\playz\cy\node_modules\@babel\parser\lib\index.js:9839:20)
    at TypeScriptParserMixin.parseExpressionBase (C:\Users\playz\cy\node_modules\@babel\parser\lib\index.js:10848:23)
    at C:\Users\playz\cy\node_modules\@babel\parser\lib\index.js:10844:39
    at TypeScriptParserMixin.allowInAnd (C:\Users\playz\cy\node_modules\@babel\parser\lib\index.js:12500:12)

[1m[31mERROR[39m[22m in [1m[eslint] 
src\pages\estimate\EstimatePage.tsx
  Line 1496:28:  Parsing [1m[31merror[39m[22m[1m: JSX expressions [1m[33mmust[39m[22m[1m have one parent element

[39m[22m

webpack compiled with [1m[31m2 errors[39m[22m
Compiling...
Compiled successfully!
webpack compiled [1m[32msuccessfully[39m[22m
No issues found.
Compiling...
Compiled successfully!
webpack compiled [1m[32msuccessfully[39m[22m
No issues found.
Compiling...
Compiled successfully!
webpack compiled [1m[32msuccessfully[39m[22m
No issues found.
Compiling...
Compiled successfully!
webpack compiled [1m[32msuccessfully[39m[22m
Compiling...
No issues found.
Compiled successfully!
webpack compiled [1m[32msuccessfully[39m[22m
Files successfully emitted, waiting for typecheck results...
Issues checking in progress...
No issues found.
Compiling...
Compiled successfully!
webpack compiled [1m[32msuccessfully[39m[22m
No issues found.
Compiling...
Compiled successfully!
webpack compiled [1m[32msuccessfully[39m[22m
No issues found.
Compiling...
Compiled successfully!
webpack compiled [1m[32msuccessfully[39m[22m
No issues found.
Compiling...
Compiled successfully!
webpack compiled [1m[32msuccessfully[39m[22m
No issues found.
Compiling...
Compiled successfully!
webpack compiled [1m[32msuccessfully[39m[22m
No issues found.
Compiling...
Failed to compile.

[eslint] 
src\pages\estimate\EstimatePage.tsx
Syntax error: ')' expected (1332:5)
[1m[31mERROR[39m[22m in [1m./src/pages/estimate/EstimatePage.tsx[39m[22m
Module build failed (from ./node_modules/babel-loader/lib/index.js):
SyntaxError: C:\Users\playz\cy\src\pages\estimate\EstimatePage.tsx: Invalid left-hand side in assignment expression. (904:12)

[0m [90m 902 |[39m
 [90m 903 |[39m         [36mreturn[39m (
[31m[1m>[22m[39m[90m 904 |[39m             [33m<[39m[33mdiv[39m className[33m=[39m[32m"flex justify-center p-8 bg-slate-200 overflow-auto"[39m[33m>[39m
 [90m     |[39m             [31m[1m^[22m[39m
 [90m 905 |[39m                 [33m<[39m[33mdiv[39m id[33m=[39m[32m"estimate-print-area"[39m ref[33m=[39m{printRef} className[33m=[39m[32m"w-[297mm] min-h-[210mm] bg-white text-slate-900 shadow-2xl print:shadow-none print:w-full print:h-auto mx-auto relative print-color-adjust-exact font-sans"[39m[33m>[39m
 [90m 906 |[39m                     [33m<[39m[33mstyle[39m[33m>[39m{[32m`[39m
 [90m 907 |[39m [32m                        @media print {[39m[0m
    at constructor (C:\Users\playz\cy\node_modules\@babel\parser\lib\index.js:367:19)
    at TypeScriptParserMixin.raise (C:\Users\playz\cy\node_modules\@babel\parser\lib\index.js:6624:19)
    at TypeScriptParserMixin.checkLVal (C:\Users\playz\cy\node_modules\@babel\parser\lib\index.js:7548:12)
    at TypeScriptParserMixin.parseMaybeAssign (C:\Users\playz\cy\node_modules\@babel\parser\lib\index.js:10925:12)
    at C:\Users\playz\cy\node_modules\@babel\parser\lib\index.js:9828:39
    at TypeScriptParserMixin.tryParse (C:\Users\playz\cy\node_modules\@babel\parser\lib\index.js:6932:20)
    at TypeScriptParserMixin.parseMaybeAssign (C:\Users\playz\cy\node_modules\@babel\parser\lib\index.js:9828:18)
    at C:\Users\playz\cy\node_modules\@babel\parser\lib\index.js:10864:39
    at TypeScriptParserMixin.allowInAnd (C:\Users\playz\cy\node_modules\@babel\parser\lib\index.js:12500:12)
    at TypeScriptParserMixin.parseMaybeAssignAllowIn (C:\Users\playz\cy\node_modules\@babel\parser\lib\index.js:10864:17)
    at TypeScriptParserMixin.parseMaybeAssignAllowInOrVoidPattern (C:\Users\playz\cy\node_modules\@babel\parser\lib\index.js:12567:17)
    at TypeScriptParserMixin.parseParenAndDistinguishExpression (C:\Users\playz\cy\node_modules\@babel\parser\lib\index.js:11747:28)
    at TypeScriptParserMixin.parseExprAtom (C:\Users\playz\cy\node_modules\@babel\parser\lib\index.js:11395:23)
    at TypeScriptParserMixin.parseExprAtom (C:\Users\playz\cy\node_modules\@babel\parser\lib\index.js:4793:20)
    at TypeScriptParserMixin.parseExprSubscripts (C:\Users\playz\cy\node_modules\@babel\parser\lib\index.js:11145:23)
    at TypeScriptParserMixin.parseUpdate (C:\Users\playz\cy\node_modules\@babel\parser\lib\index.js:11130:21)
    at TypeScriptParserMixin.parseMaybeUnary (C:\Users\playz\cy\node_modules\@babel\parser\lib\index.js:11110:23)
    at TypeScriptParserMixin.parseMaybeUnary (C:\Users\playz\cy\node_modules\@babel\parser\lib\index.js:9890:18)
    at TypeScriptParserMixin.parseMaybeUnaryOrPrivate (C:\Users\playz\cy\node_modules\@babel\parser\lib\index.js:10963:61)
    at TypeScriptParserMixin.parseExprOps (C:\Users\playz\cy\node_modules\@babel\parser\lib\index.js:10968:23)
    at TypeScriptParserMixin.parseMaybeConditional (C:\Users\playz\cy\node_modules\@babel\parser\lib\index.js:10945:23)
    at TypeScriptParserMixin.parseMaybeAssign (C:\Users\playz\cy\node_modules\@babel\parser\lib\index.js:10895:21)
    at TypeScriptParserMixin.parseMaybeAssign (C:\Users\playz\cy\node_modules\@babel\parser\lib\index.js:9839:20)
    at TypeScriptParserMixin.parseExpressionBase (C:\Users\playz\cy\node_modules\@babel\parser\lib\index.js:10848:23)
    at C:\Users\playz\cy\node_modules\@babel\parser\lib\index.js:10844:39
    at TypeScriptParserMixin.allowInAnd (C:\Users\playz\cy\node_modules\@babel\parser\lib\index.js:12495:16)
    at TypeScriptParserMixin.parseExpression (C:\Users\playz\cy\node_modules\@babel\parser\lib\index.js:10844:17)
    at TypeScriptParserMixin.parseReturnStatement (C:\Users\playz\cy\node_modules\@babel\parser\lib\index.js:13218:28)
    at TypeScriptParserMixin.parseStatementContent (C:\Users\playz\cy\node_modules\@babel\parser\lib\index.js:12874:21)
    at TypeScriptParserMixin.parseStatementContent (C:\Users\playz\cy\node_modules\@babel\parser\lib\index.js:9569:18)
    at TypeScriptParserMixin.parseStatementLike (C:\Users\playz\cy\node_modules\@babel\parser\lib\index.js:12843:17)
    at TypeScriptParserMixin.parseStatementListItem (C:\Users\playz\cy\node_modules\@babel\parser\lib\index.js:12823:17)
    at TypeScriptParserMixin.parseBlockOrModuleBlockBody (C:\Users\playz\cy\node_modules\@babel\parser\lib\index.js:13392:61)
    at TypeScriptParserMixin.parseBlockBody (C:\Users\playz\cy\node_modules\@babel\parser\lib\index.js:13385:10)
    at TypeScriptParserMixin.parseBlock (C:\Users\playz\cy\node_modules\@babel\parser\lib\index.js:13373:10)
    at TypeScriptParserMixin.parseFunctionBody (C:\Users\playz\cy\node_modules\@babel\parser\lib\index.js:12174:24)
    at TypeScriptParserMixin.parseArrowExpression (C:\Users\playz\cy\node_modules\@babel\parser\lib\index.js:12149:10)
    at TypeScriptParserMixin.parseParenAndDistinguishExpression (C:\Users\playz\cy\node_modules\@babel\parser\lib\index.js:11759:12)
    at TypeScriptParserMixin.parseExprAtom (C:\Users\playz\cy\node_modules\@babel\parser\lib\index.js:11395:23)
    at TypeScriptParserMixin.parseExprAtom (C:\Users\playz\cy\node_modules\@babel\parser\lib\index.js:4793:20)
    at TypeScriptParserMixin.parseExprSubscripts (C:\Users\playz\cy\node_modules\@babel\parser\lib\index.js:11145:23)
    at TypeScriptParserMixin.parseUpdate (C:\Users\playz\cy\node_modules\@babel\parser\lib\index.js:11130:21)
    at TypeScriptParserMixin.parseMaybeUnary (C:\Users\playz\cy\node_modules\@babel\parser\lib\index.js:11110:23)
    at TypeScriptParserMixin.parseMaybeUnary (C:\Users\playz\cy\node_modules\@babel\parser\lib\index.js:9890:18)
    at TypeScriptParserMixin.parseMaybeUnaryOrPrivate (C:\Users\playz\cy\node_modules\@babel\parser\lib\index.js:10963:61)
    at TypeScriptParserMixin.parseExprOps (C:\Users\playz\cy\node_modules\@babel\parser\lib\index.js:10968:23)
    at TypeScriptParserMixin.parseMaybeConditional (C:\Users\playz\cy\node_modules\@babel\parser\lib\index.js:10945:23)
    at TypeScriptParserMixin.parseMaybeAssign (C:\Users\playz\cy\node_modules\@babel\parser\lib\index.js:10895:21)
    at TypeScriptParserMixin.parseMaybeAssign (C:\Users\playz\cy\node_modules\@babel\parser\lib\index.js:9839:20)
    at C:\Users\playz\cy\node_modules\@babel\parser\lib\index.js:10864:39

[1m[31mERROR[39m[22m in [1m[eslint] 
src\pages\estimate\EstimatePage.tsx
  Line 1332:5:  Parsing [1m[31merror[39m[22m[1m: ')' expected

[39m[22m

webpack compiled with [1m[31m2 errors[39m[22m
Compiling...
Compiled successfully!
webpack compiled [1m[32msuccessfully[39m[22m
No issues found.
Compiling...
Compiled successfully!
webpack compiled [1m[32msuccessfully[39m[22m
No issues found.
Compiling...
Compiled successfully!
webpack compiled [1m[32msuccessfully[39m[22m
No issues found.
Compiling...
Compiled successfully!
webpack compiled [1m[32msuccessfully[39m[22m
No issues found.
Compiling...
Compiled successfully!
webpack compiled [1m[32msuccessfully[39m[22m
No issues found.
Compiling...
Compiled successfully!
webpack compiled [1m[32msuccessfully[39m[22m
No issues found.
Compiling...
Compiled successfully!
webpack compiled [1m[32msuccessfully[39m[22m
No issues found.
Compiling...
Compiled successfully!
webpack compiled [1m[32msuccessfully[39m[22m
No issues found.
Compiling...
Compiled successfully!
webpack compiled [1m[32msuccessfully[39m[22m
No issues found.
Compiling...
Compiled successfully!
webpack compiled [1m[32msuccessfully[39m[22m
No issues found.
Compiling...
Failed to compile.

SyntaxError: C:\Users\playz\cy\src\pages\payroll\LaborCostStatementGeneratorPage.tsx: 'import' and 'export' may only appear at the top level. (1023:0)
[0m [90m 1021 |[39m   [36mconst[39m [copying[33m,[39m setCopying] [33m=[39m useState([36mfalse[39m)[33m;[39m
 [90m 1022 |[39m
[31m[1m>[22m[39m[90m 1023 |[39m [36mimport[39m html2canvas [36mfrom[39m [32m'html2canvas'[39m[33m;[39m
 [90m      |[39m [31m[1m^[22m[39m
 [90m 1024 |[39m
 [90m 1025 |[39m [90m// ... (기존 import들 아래에 위치시키되 중복되지 않게 주의)[39m
 [90m 1026 |[39m[0m
    at parser.next (<anonymous>)
    at normalizeFile.next (<anonymous>)
    at run.next (<anonymous>)
    at transform.next (<anonymous>)
[1m[31mERROR[39m[22m in [1m./src/pages/payroll/LaborCostStatementGeneratorPage.tsx[39m[22m
Module build failed (from ./node_modules/babel-loader/lib/index.js):
SyntaxError: C:\Users\playz\cy\src\pages\payroll\LaborCostStatementGeneratorPage.tsx: 'import' and 'export' may only appear at the top level. (1023:0)

[0m [90m 1021 |[39m   [36mconst[39m [copying[33m,[39m setCopying] [33m=[39m useState([36mfalse[39m)[33m;[39m
 [90m 1022 |[39m
[31m[1m>[22m[39m[90m 1023 |[39m [36mimport[39m html2canvas [36mfrom[39m [32m'html2canvas'[39m[33m;[39m
 [90m      |[39m [31m[1m^[22m[39m
 [90m 1024 |[39m
 [90m 1025 |[39m [90m// ... (기존 import들 아래에 위치시키되 중복되지 않게 주의)[39m
 [90m 1026 |[39m[0m
    at constructor (C:\Users\playz\cy\node_modules\@babel\parser\lib\index.js:367:19)
    at TypeScriptParserMixin.raise (C:\Users\playz\cy\node_modules\@babel\parser\lib\index.js:6624:19)
    at TypeScriptParserMixin.parseStatementContent (C:\Users\playz\cy\node_modules\@babel\parser\lib\index.js:12947:18)
    at TypeScriptParserMixin.parseStatementContent (C:\Users\playz\cy\node_modules\@babel\parser\lib\index.js:9569:18)
    at TypeScriptParserMixin.parseStatementLike (C:\Users\playz\cy\node_modules\@babel\parser\lib\index.js:12843:17)
    at TypeScriptParserMixin.parseStatementListItem (C:\Users\playz\cy\node_modules\@babel\parser\lib\index.js:12823:17)
    at TypeScriptParserMixin.parseBlockOrModuleBlockBody (C:\Users\playz\cy\node_modules\@babel\parser\lib\index.js:13392:61)
    at TypeScriptParserMixin.parseBlockBody (C:\Users\playz\cy\node_modules\@babel\parser\lib\index.js:13385:10)
    at TypeScriptParserMixin.parseBlock (C:\Users\playz\cy\node_modules\@babel\parser\lib\index.js:13373:10)
    at TypeScriptParserMixin.parseFunctionBody (C:\Users\playz\cy\node_modules\@babel\parser\lib\index.js:12174:24)
    at TypeScriptParserMixin.parseArrowExpression (C:\Users\playz\cy\node_modules\@babel\parser\lib\index.js:12149:10)
    at TypeScriptParserMixin.parseParenAndDistinguishExpression (C:\Users\playz\cy\node_modules\@babel\parser\lib\index.js:11759:12)
    at TypeScriptParserMixin.parseExprAtom (C:\Users\playz\cy\node_modules\@babel\parser\lib\index.js:11395:23)
    at TypeScriptParserMixin.parseExprAtom (C:\Users\playz\cy\node_modules\@babel\parser\lib\index.js:4793:20)
    at TypeScriptParserMixin.parseExprSubscripts (C:\Users\playz\cy\node_modules\@babel\parser\lib\index.js:11145:23)
    at TypeScriptParserMixin.parseUpdate (C:\Users\playz\cy\node_modules\@babel\parser\lib\index.js:11130:21)
    at TypeScriptParserMixin.parseMaybeUnary (C:\Users\playz\cy\node_modules\@babel\parser\lib\index.js:11110:23)
    at TypeScriptParserMixin.parseMaybeUnary (C:\Users\playz\cy\node_modules\@babel\parser\lib\index.js:9890:18)
    at TypeScriptParserMixin.parseMaybeUnaryOrPrivate (C:\Users\playz\cy\node_modules\@babel\parser\lib\index.js:10963:61)
    at TypeScriptParserMixin.parseExprOps (C:\Users\playz\cy\node_modules\@babel\parser\lib\index.js:10968:23)
    at TypeScriptParserMixin.parseMaybeConditional (C:\Users\playz\cy\node_modules\@babel\parser\lib\index.js:10945:23)
    at TypeScriptParserMixin.parseMaybeAssign (C:\Users\playz\cy\node_modules\@babel\parser\lib\index.js:10895:21)
    at TypeScriptParserMixin.parseMaybeAssign (C:\Users\playz\cy\node_modules\@babel\parser\lib\index.js:9839:20)
    at C:\Users\playz\cy\node_modules\@babel\parser\lib\index.js:10864:39
    at TypeScriptParserMixin.allowInAnd (C:\Users\playz\cy\node_modules\@babel\parser\lib\index.js:12495:16)
    at TypeScriptParserMixin.parseMaybeAssignAllowIn (C:\Users\playz\cy\node_modules\@babel\parser\lib\index.js:10864:17)
    at TypeScriptParserMixin.parseVar (C:\Users\playz\cy\node_modules\@babel\parser\lib\index.js:13460:91)
    at TypeScriptParserMixin.parseVarStatement (C:\Users\playz\cy\node_modules\@babel\parser\lib\index.js:13306:10)
    at TypeScriptParserMixin.parseVarStatement (C:\Users\playz\cy\node_modules\@babel\parser\lib\index.js:9469:31)
    at TypeScriptParserMixin.parseStatementContent (C:\Users\playz\cy\node_modules\@babel\parser\lib\index.js:12927:23)
    at TypeScriptParserMixin.parseStatementContent (C:\Users\playz\cy\node_modules\@babel\parser\lib\index.js:9569:18)
    at TypeScriptParserMixin.parseStatementLike (C:\Users\playz\cy\node_modules\@babel\parser\lib\index.js:12843:17)
    at TypeScriptParserMixin.parseModuleItem (C:\Users\playz\cy\node_modules\@babel\parser\lib\index.js:12820:17)
    at TypeScriptParserMixin.parseBlockOrModuleBlockBody (C:\Users\playz\cy\node_modules\@babel\parser\lib\index.js:13392:36)
    at TypeScriptParserMixin.parseBlockBody (C:\Users\playz\cy\node_modules\@babel\parser\lib\index.js:13385:10)
    at TypeScriptParserMixin.parseProgram (C:\Users\playz\cy\node_modules\@babel\parser\lib\index.js:12698:10)
    at TypeScriptParserMixin.parseTopLevel (C:\Users\playz\cy\node_modules\@babel\parser\lib\index.js:12688:25)
    at TypeScriptParserMixin.parse (C:\Users\playz\cy\node_modules\@babel\parser\lib\index.js:14568:25)
    at TypeScriptParserMixin.parse (C:\Users\playz\cy\node_modules\@babel\parser\lib\index.js:10183:18)
    at parse (C:\Users\playz\cy\node_modules\@babel\parser\lib\index.js:14602:38)
    at parser (C:\Users\playz\cy\node_modules\@babel\core\lib\parser\index.js:41:34)
    at parser.next (<anonymous>)
    at normalizeFile (C:\Users\playz\cy\node_modules\@babel\core\lib\transformation\normalize-file.js:64:37)
    at normalizeFile.next (<anonymous>)
    at run (C:\Users\playz\cy\node_modules\@babel\core\lib\transformation\index.js:22:50)
    at run.next (<anonymous>)
    at transform (C:\Users\playz\cy\node_modules\@babel\core\lib\transform.js:22:33)
    at transform.next (<anonymous>)
    at step (C:\Users\playz\cy\node_modules\gensync\index.js:261:32)
    at C:\Users\playz\cy\node_modules\gensync\index.js:273:13

webpack compiled with [1m[31m1 error[39m[22m
Compiling...
Failed to compile.

SyntaxError: C:\Users\playz\cy\src\pages\payroll\LaborCostStatementGeneratorPage.tsx: 'import' and 'export' may only appear at the top level. (1024:0)
[0m [90m 1022 |[39m   [36mconst[39m [copying[33m,[39m setCopying] [33m=[39m useState([36mfalse[39m)[33m;[39m
 [90m 1023 |[39m
[31m[1m>[22m[39m[90m 1024 |[39m [36mimport[39m html2canvas [36mfrom[39m [32m'html2canvas'[39m[33m;[39m
 [90m      |[39m [31m[1m^[22m[39m
 [90m 1025 |[39m
 [90m 1026 |[39m [90m// ... (기존 import들 아래에 위치시키되 중복되지 않게 주의)[39m
 [90m 1027 |[39m[0m
    at parser.next (<anonymous>)
    at normalizeFile.next (<anonymous>)
    at run.next (<anonymous>)
    at transform.next (<anonymous>)
[1m[31mERROR[39m[22m in [1m./src/pages/payroll/LaborCostStatementGeneratorPage.tsx[39m[22m
Module build failed (from ./node_modules/babel-loader/lib/index.js):
SyntaxError: C:\Users\playz\cy\src\pages\payroll\LaborCostStatementGeneratorPage.tsx: 'import' and 'export' may only appear at the top level. (1024:0)

[0m [90m 1022 |[39m   [36mconst[39m [copying[33m,[39m setCopying] [33m=[39m useState([36mfalse[39m)[33m;[39m
 [90m 1023 |[39m
[31m[1m>[22m[39m[90m 1024 |[39m [36mimport[39m html2canvas [36mfrom[39m [32m'html2canvas'[39m[33m;[39m
 [90m      |[39m [31m[1m^[22m[39m
 [90m 1025 |[39m
 [90m 1026 |[39m [90m// ... (기존 import들 아래에 위치시키되 중복되지 않게 주의)[39m
 [90m 1027 |[39m[0m
    at constructor (C:\Users\playz\cy\node_modules\@babel\parser\lib\index.js:367:19)
    at TypeScriptParserMixin.raise (C:\Users\playz\cy\node_modules\@babel\parser\lib\index.js:6624:19)
    at TypeScriptParserMixin.parseStatementContent (C:\Users\playz\cy\node_modules\@babel\parser\lib\index.js:12947:18)
    at TypeScriptParserMixin.parseStatementContent (C:\Users\playz\cy\node_modules\@babel\parser\lib\index.js:9569:18)
    at TypeScriptParserMixin.parseStatementLike (C:\Users\playz\cy\node_modules\@babel\parser\lib\index.js:12843:17)
    at TypeScriptParserMixin.parseStatementListItem (C:\Users\playz\cy\node_modules\@babel\parser\lib\index.js:12823:17)
    at TypeScriptParserMixin.parseBlockOrModuleBlockBody (C:\Users\playz\cy\node_modules\@babel\parser\lib\index.js:13392:61)
    at TypeScriptParserMixin.parseBlockBody (C:\Users\playz\cy\node_modules\@babel\parser\lib\index.js:13385:10)
    at TypeScriptParserMixin.parseBlock (C:\Users\playz\cy\node_modules\@babel\parser\lib\index.js:13373:10)
    at TypeScriptParserMixin.parseFunctionBody (C:\Users\playz\cy\node_modules\@babel\parser\lib\index.js:12174:24)
    at TypeScriptParserMixin.parseArrowExpression (C:\Users\playz\cy\node_modules\@babel\parser\lib\index.js:12149:10)
    at TypeScriptParserMixin.parseParenAndDistinguishExpression (C:\Users\playz\cy\node_modules\@babel\parser\lib\index.js:11759:12)
    at TypeScriptParserMixin.parseExprAtom (C:\Users\playz\cy\node_modules\@babel\parser\lib\index.js:11395:23)
    at TypeScriptParserMixin.parseExprAtom (C:\Users\playz\cy\node_modules\@babel\parser\lib\index.js:4793:20)
    at TypeScriptParserMixin.parseExprSubscripts (C:\Users\playz\cy\node_modules\@babel\parser\lib\index.js:11145:23)
    at TypeScriptParserMixin.parseUpdate (C:\Users\playz\cy\node_modules\@babel\parser\lib\index.js:11130:21)
    at TypeScriptParserMixin.parseMaybeUnary (C:\Users\playz\cy\node_modules\@babel\parser\lib\index.js:11110:23)
    at TypeScriptParserMixin.parseMaybeUnary (C:\Users\playz\cy\node_modules\@babel\parser\lib\index.js:9890:18)
    at TypeScriptParserMixin.parseMaybeUnaryOrPrivate (C:\Users\playz\cy\node_modules\@babel\parser\lib\index.js:10963:61)
    at TypeScriptParserMixin.parseExprOps (C:\Users\playz\cy\node_modules\@babel\parser\lib\index.js:10968:23)
    at TypeScriptParserMixin.parseMaybeConditional (C:\Users\playz\cy\node_modules\@babel\parser\lib\index.js:10945:23)
    at TypeScriptParserMixin.parseMaybeAssign (C:\Users\playz\cy\node_modules\@babel\parser\lib\index.js:10895:21)
    at TypeScriptParserMixin.parseMaybeAssign (C:\Users\playz\cy\node_modules\@babel\parser\lib\index.js:9839:20)
    at C:\Users\playz\cy\node_modules\@babel\parser\lib\index.js:10864:39
    at TypeScriptParserMixin.allowInAnd (C:\Users\playz\cy\node_modules\@babel\parser\lib\index.js:12495:16)
    at TypeScriptParserMixin.parseMaybeAssignAllowIn (C:\Users\playz\cy\node_modules\@babel\parser\lib\index.js:10864:17)
    at TypeScriptParserMixin.parseVar (C:\Users\playz\cy\node_modules\@babel\parser\lib\index.js:13460:91)
    at TypeScriptParserMixin.parseVarStatement (C:\Users\playz\cy\node_modules\@babel\parser\lib\index.js:13306:10)
    at TypeScriptParserMixin.parseVarStatement (C:\Users\playz\cy\node_modules\@babel\parser\lib\index.js:9469:31)
    at TypeScriptParserMixin.parseStatementContent (C:\Users\playz\cy\node_modules\@babel\parser\lib\index.js:12927:23)
    at TypeScriptParserMixin.parseStatementContent (C:\Users\playz\cy\node_modules\@babel\parser\lib\index.js:9569:18)
    at TypeScriptParserMixin.parseStatementLike (C:\Users\playz\cy\node_modules\@babel\parser\lib\index.js:12843:17)
    at TypeScriptParserMixin.parseModuleItem (C:\Users\playz\cy\node_modules\@babel\parser\lib\index.js:12820:17)
    at TypeScriptParserMixin.parseBlockOrModuleBlockBody (C:\Users\playz\cy\node_modules\@babel\parser\lib\index.js:13392:36)
    at TypeScriptParserMixin.parseBlockBody (C:\Users\playz\cy\node_modules\@babel\parser\lib\index.js:13385:10)
    at TypeScriptParserMixin.parseProgram (C:\Users\playz\cy\node_modules\@babel\parser\lib\index.js:12698:10)
    at TypeScriptParserMixin.parseTopLevel (C:\Users\playz\cy\node_modules\@babel\parser\lib\index.js:12688:25)
    at TypeScriptParserMixin.parse (C:\Users\playz\cy\node_modules\@babel\parser\lib\index.js:14568:25)
    at TypeScriptParserMixin.parse (C:\Users\playz\cy\node_modules\@babel\parser\lib\index.js:10183:18)
    at parse (C:\Users\playz\cy\node_modules\@babel\parser\lib\index.js:14602:38)
    at parser (C:\Users\playz\cy\node_modules\@babel\core\lib\parser\index.js:41:34)
    at parser.next (<anonymous>)
    at normalizeFile (C:\Users\playz\cy\node_modules\@babel\core\lib\transformation\normalize-file.js:64:37)
    at normalizeFile.next (<anonymous>)
    at run (C:\Users\playz\cy\node_modules\@babel\core\lib\transformation\index.js:22:50)
    at run.next (<anonymous>)
    at transform (C:\Users\playz\cy\node_modules\@babel\core\lib\transform.js:22:33)
    at transform.next (<anonymous>)
    at step (C:\Users\playz\cy\node_modules\gensync\index.js:261:32)
    at C:\Users\playz\cy\node_modules\gensync\index.js:273:13

webpack compiled with [1m[31m1 error[39m[22m
Compiling...
Compiled successfully!
webpack compiled [1m[32msuccessfully[39m[22m
Compiling...
Compiled successfully!
webpack compiled [1m[32msuccessfully[39m[22m
No issues found.
Compiling...
Compiled successfully!
webpack compiled [1m[32msuccessfully[39m[22m
Compiling...
No issues found.
Compiled successfully!
webpack compiled [1m[32msuccessfully[39m[22m
Files successfully emitted, waiting for typecheck results...
Issues checking in progress...
No issues found.
Compiling...
Compiled successfully!
webpack compiled [1m[32msuccessfully[39m[22m
No issues found.
Compiling...
Compiled successfully!
webpack compiled [1m[32msuccessfully[39m[22m
Compiling...
Compiled successfully!
webpack compiled [1m[32msuccessfully[39m[22m
No issues found.
Compiling...
Compiled successfully!
webpack compiled [1m[32msuccessfully[39m[22m
No issues found.
Compiling...
Failed to compile.

[eslint] 
src\pages\payroll\LaborCostStatementGeneratorPage.tsx
Syntax error: ',' expected (928:119)
[1m[31mERROR[39m[22m in [1m./src/pages/payroll/LaborCostStatementGeneratorPage.tsx[39m[22m
Module build failed (from ./node_modules/babel-loader/lib/index.js):
SyntaxError: C:\Users\playz\cy\src\pages\payroll\LaborCostStatementGeneratorPage.tsx: Unexpected reserved word 'await'. (924:19)

[0m [90m 922 |[39m     }
 [90m 923 |[39m
[31m[1m>[22m[39m[90m 924 |[39m     [36mconst[39m buffer [33m=[39m [36mawait[39m workbook[33m.[39mxlsx[33m.[39mwriteBuffer()[33m;[39m
 [90m     |[39m                    [31m[1m^[22m[39m
 [90m 925 |[39m     [36mconst[39m blob [33m=[39m [36mnew[39m [33mBlob[39m([buffer][33m,[39m { type[33m:[39m [32m'application/vnd.openxmlformats-officedocument.spreadsheetml.sheet'[39m })[33m;[39m
 [90m 926 |[39m     [36mconst[39m fileName [33m=[39m [32m`노무내역서_${siteNameInput || '전체'}_${month || 'unknown'}.xlsx`[39m[33m;[39m
 [90m 927 |[39m     saveAs(blob[33m,[39m fileName)[33m;[39m[0m
    at constructor (C:\Users\playz\cy\node_modules\@babel\parser\lib\index.js:367:19)
    at TypeScriptParserMixin.raise (C:\Users\playz\cy\node_modules\@babel\parser\lib\index.js:6624:19)
    at TypeScriptParserMixin.checkReservedWord (C:\Users\playz\cy\node_modules\@babel\parser\lib\index.js:12305:12)
    at TypeScriptParserMixin.checkReservedWord (C:\Users\playz\cy\node_modules\@babel\parser\lib\index.js:9369:13)
    at TypeScriptParserMixin.parseIdentifierName (C:\Users\playz\cy\node_modules\@babel\parser\lib\index.js:12285:12)
    at TypeScriptParserMixin.parseIdentifier (C:\Users\playz\cy\node_modules\@babel\parser\lib\index.js:12255:23)
    at TypeScriptParserMixin.parseExprAtom (C:\Users\playz\cy\node_modules\@babel\parser\lib\index.js:11482:27)
    at TypeScriptParserMixin.parseExprAtom (C:\Users\playz\cy\node_modules\@babel\parser\lib\index.js:4793:20)
    at TypeScriptParserMixin.parseExprSubscripts (C:\Users\playz\cy\node_modules\@babel\parser\lib\index.js:11145:23)
    at TypeScriptParserMixin.parseUpdate (C:\Users\playz\cy\node_modules\@babel\parser\lib\index.js:11130:21)
    at TypeScriptParserMixin.parseMaybeUnary (C:\Users\playz\cy\node_modules\@babel\parser\lib\index.js:11110:23)
    at TypeScriptParserMixin.parseMaybeUnary (C:\Users\playz\cy\node_modules\@babel\parser\lib\index.js:9890:18)
    at TypeScriptParserMixin.parseMaybeUnaryOrPrivate (C:\Users\playz\cy\node_modules\@babel\parser\lib\index.js:10963:61)
    at TypeScriptParserMixin.parseExprOps (C:\Users\playz\cy\node_modules\@babel\parser\lib\index.js:10968:23)
    at TypeScriptParserMixin.parseMaybeConditional (C:\Users\playz\cy\node_modules\@babel\parser\lib\index.js:10945:23)
    at TypeScriptParserMixin.parseMaybeAssign (C:\Users\playz\cy\node_modules\@babel\parser\lib\index.js:10895:21)
    at TypeScriptParserMixin.parseMaybeAssign (C:\Users\playz\cy\node_modules\@babel\parser\lib\index.js:9839:20)
    at C:\Users\playz\cy\node_modules\@babel\parser\lib\index.js:10864:39
    at TypeScriptParserMixin.allowInAnd (C:\Users\playz\cy\node_modules\@babel\parser\lib\index.js:12495:16)
    at TypeScriptParserMixin.parseMaybeAssignAllowIn (C:\Users\playz\cy\node_modules\@babel\parser\lib\index.js:10864:17)
    at TypeScriptParserMixin.parseVar (C:\Users\playz\cy\node_modules\@babel\parser\lib\index.js:13460:91)
    at TypeScriptParserMixin.parseVarStatement (C:\Users\playz\cy\node_modules\@babel\parser\lib\index.js:13306:10)
    at TypeScriptParserMixin.parseVarStatement (C:\Users\playz\cy\node_modules\@babel\parser\lib\index.js:9469:31)
    at TypeScriptParserMixin.parseStatementContent (C:\Users\playz\cy\node_modules\@babel\parser\lib\index.js:12927:23)
    at TypeScriptParserMixin.parseStatementContent (C:\Users\playz\cy\node_modules\@babel\parser\lib\index.js:9569:18)
    at TypeScriptParserMixin.parseStatementLike (C:\Users\playz\cy\node_modules\@babel\parser\lib\index.js:12843:17)
    at TypeScriptParserMixin.parseStatementListItem (C:\Users\playz\cy\node_modules\@babel\parser\lib\index.js:12823:17)
    at TypeScriptParserMixin.parseBlockOrModuleBlockBody (C:\Users\playz\cy\node_modules\@babel\parser\lib\index.js:13392:61)
    at TypeScriptParserMixin.parseBlockBody (C:\Users\playz\cy\node_modules\@babel\parser\lib\index.js:13385:10)
    at TypeScriptParserMixin.parseBlock (C:\Users\playz\cy\node_modules\@babel\parser\lib\index.js:13373:10)
    at TypeScriptParserMixin.parseFunctionBody (C:\Users\playz\cy\node_modules\@babel\parser\lib\index.js:12174:24)
    at TypeScriptParserMixin.parseArrowExpression (C:\Users\playz\cy\node_modules\@babel\parser\lib\index.js:12149:10)
    at TypeScriptParserMixin.parseParenAndDistinguishExpression (C:\Users\playz\cy\node_modules\@babel\parser\lib\index.js:11759:12)
    at TypeScriptParserMixin.parseExprAtom (C:\Users\playz\cy\node_modules\@babel\parser\lib\index.js:11395:23)
    at TypeScriptParserMixin.parseExprAtom (C:\Users\playz\cy\node_modules\@babel\parser\lib\index.js:4793:20)
    at TypeScriptParserMixin.parseExprSubscripts (C:\Users\playz\cy\node_modules\@babel\parser\lib\index.js:11145:23)
    at TypeScriptParserMixin.parseUpdate (C:\Users\playz\cy\node_modules\@babel\parser\lib\index.js:11130:21)
    at TypeScriptParserMixin.parseMaybeUnary (C:\Users\playz\cy\node_modules\@babel\parser\lib\index.js:11110:23)
    at TypeScriptParserMixin.parseMaybeUnary (C:\Users\playz\cy\node_modules\@babel\parser\lib\index.js:9890:18)
    at TypeScriptParserMixin.parseMaybeUnaryOrPrivate (C:\Users\playz\cy\node_modules\@babel\parser\lib\index.js:10963:61)
    at TypeScriptParserMixin.parseExprOps (C:\Users\playz\cy\node_modules\@babel\parser\lib\index.js:10968:23)
    at TypeScriptParserMixin.parseMaybeConditional (C:\Users\playz\cy\node_modules\@babel\parser\lib\index.js:10945:23)
    at TypeScriptParserMixin.parseMaybeAssign (C:\Users\playz\cy\node_modules\@babel\parser\lib\index.js:10895:21)
    at TypeScriptParserMixin.parseMaybeAssign (C:\Users\playz\cy\node_modules\@babel\parser\lib\index.js:9839:20)
    at C:\Users\playz\cy\node_modules\@babel\parser\lib\index.js:10864:39
    at TypeScriptParserMixin.allowInAnd (C:\Users\playz\cy\node_modules\@babel\parser\lib\index.js:12495:16)
    at TypeScriptParserMixin.parseMaybeAssignAllowIn (C:\Users\playz\cy\node_modules\@babel\parser\lib\index.js:10864:17)
    at TypeScriptParserMixin.parseVar (C:\Users\playz\cy\node_modules\@babel\parser\lib\index.js:13460:91)
    at TypeScriptParserMixin.parseVarStatement (C:\Users\playz\cy\node_modules\@babel\parser\lib\index.js:13306:10)
    at TypeScriptParserMixin.parseVarStatement (C:\Users\playz\cy\node_modules\@babel\parser\lib\index.js:9469:31)

[1m[31mERROR[39m[22m in [1m[eslint] 
src\pages\payroll\LaborCostStatementGeneratorPage.tsx
  Line 928:119:  Parsing [1m[31merror[39m[22m[1m: ',' expected

[39m[22m

webpack compiled with [1m[31m2 errors[39m[22m
Compiling...
Compiled successfully!
webpack compiled [1m[32msuccessfully[39m[22m
No issues found.
Compiling...
Compiled successfully!
webpack compiled [1m[32msuccessfully[39m[22m
No issues found.
Compiling...
Compiled successfully!
webpack compiled [1m[32msuccessfully[39m[22m
Compiling...
No issues found.
Compiled successfully!
webpack compiled [1m[32msuccessfully[39m[22m
Files successfully emitted, waiting for typecheck results...
Issues checking in progress...
No issues found.
Compiling...
Compiled successfully!
webpack compiled [1m[32msuccessfully[39m[22m
Compiling...
Compiled successfully!
webpack compiled [1m[32msuccessfully[39m[22m
No issues found.
Compiling...
Compiled successfully!
webpack compiled [1m[32msuccessfully[39m[22m
No issues found.
Compiling...
Compiled successfully!
webpack compiled [1m[32msuccessfully[39m[22m
No issues found.
Compiling...
Compiled successfully!
webpack compiled [1m[32msuccessfully[39m[22m
No issues found.
Compiling...
Compiled successfully!
webpack compiled [1m[32msuccessfully[39m[22m
No issues found.
Compiling...
Compiled successfully!
webpack compiled [1m[32msuccessfully[39m[22m
No issues found.
Compiling...
Compiled successfully!
webpack compiled [1m[32msuccessfully[39m[22m
No issues found.
Compiling...
Compiled successfully!
webpack compiled [1m[32msuccessfully[39m[22m
Compiling...
Compiled successfully!
webpack compiled [1m[32msuccessfully[39m[22m
Compiling...
No issues found.
Compiled successfully!
webpack compiled [1m[32msuccessfully[39m[22m
Files successfully emitted, waiting for typecheck results...
Issues checking in progress...
No issues found.
Compiling...
Compiled successfully!
webpack compiled [1m[32msuccessfully[39m[22m
No issues found.
Compiling...
Compiled successfully!
webpack compiled [1m[32msuccessfully[39m[22m
No issues found.
Compiling...
Compiled successfully!
webpack compiled [1m[32msuccessfully[39m[22m
No issues found.
Compiling...
Compiled successfully!
webpack compiled [1m[32msuccessfully[39m[22m
No issues found.
Compiling...
Compiled successfully!
webpack compiled [1m[32msuccessfully[39m[22m
No issues found.
Compiling...
Compiled successfully!
webpack compiled [1m[32msuccessfully[39m[22m
No issues found.
Compiling...
Compiled successfully!
webpack compiled [1m[32msuccessfully[39m[22m
No issues found.
Compiling...
Compiled successfully!
webpack compiled [1m[32msuccessfully[39m[22m
No issues found.
Compiling...
Compiled successfully!
webpack compiled [1m[32msuccessfully[39m[22m
No issues found.
Compiling...
Compiled successfully!
webpack compiled [1m[32msuccessfully[39m[22m
No issues found.
Compiling...
Compiled successfully!
webpack compiled [1m[32msuccessfully[39m[22m
No issues found.
Compiling...
Compiled successfully!
webpack compiled [1m[32msuccessfully[39m[22m
No issues found.
Compiling...
Compiled successfully!
webpack compiled [1m[32msuccessfully[39m[22m
No issues found.
Compiling...
Compiled successfully!
webpack compiled [1m[32msuccessfully[39m[22m
No issues found.
Compiling...
Compiled successfully!
webpack compiled [1m[32msuccessfully[39m[22m
No issues found.
Compiling...
Compiled successfully!
webpack compiled [1m[32msuccessfully[39m[22m
No issues found.
Compiling...
Compiled successfully!
webpack compiled [1m[32msuccessfully[39m[22m
No issues found.
Compiling...
Compiled successfully!
webpack compiled [1m[32msuccessfully[39m[22m
No issues found.
Compiling...
Compiled successfully!
webpack compiled [1m[32msuccessfully[39m[22m
No issues found.
Compiling...
Compiled successfully!
webpack compiled [1m[32msuccessfully[39m[22m
No issues found.
Compiling...
Compiled successfully!
webpack compiled [1m[32msuccessfully[39m[22m
No issues found.
Compiling...
Compiled successfully!
webpack compiled [1m[32msuccessfully[39m[22m
Compiling...
No issues found.
Compiled successfully!
webpack compiled [1m[32msuccessfully[39m[22m
Files successfully emitted, waiting for typecheck results...
Issues checking in progress...
No issues found.
Compiling...
Compiled successfully!
webpack compiled [1m[32msuccessfully[39m[22m
No issues found.
Compiling...
Compiled successfully!
webpack compiled [1m[32msuccessfully[39m[22m
No issues found.
Compiling...
Compiled successfully!
webpack compiled [1m[32msuccessfully[39m[22m
No issues found.
Compiling...
Compiled successfully!
webpack compiled [1m[32msuccessfully[39m[22m
No issues found.
Compiling...
Compiled successfully!
webpack compiled [1m[32msuccessfully[39m[22m
No issues found.
Compiling...
Compiled successfully!
webpack compiled [1m[32msuccessfully[39m[22m
No issues found.
Compiling...
Compiled successfully!
webpack compiled [1m[32msuccessfully[39m[22m
No issues found.
Compiling...
Compiled successfully!
webpack compiled [1m[32msuccessfully[39m[22m
No issues found.
Compiling...
Compiled successfully!
webpack compiled [1m[32msuccessfully[39m[22m
No issues found.
Compiling...
Compiled successfully!
webpack compiled [1m[32msuccessfully[39m[22m
No issues found.
Compiling...
Compiled successfully!
webpack compiled [1m[32msuccessfully[39m[22m
No issues found.
Compiling...
Compiled successfully!
webpack compiled [1m[32msuccessfully[39m[22m
No issues found.
Compiling...
Compiled successfully!
webpack compiled [1m[32msuccessfully[39m[22m
No issues found.
Compiling...
Compiled successfully!
webpack compiled [1m[32msuccessfully[39m[22m
No issues found.
Compiling...
Compiled successfully!
webpack compiled [1m[32msuccessfully[39m[22m
No issues found.
Compiling...
Compiled successfully!
webpack compiled [1m[32msuccessfully[39m[22m
No issues found.
Compiling...
Compiled successfully!
webpack compiled [1m[32msuccessfully[39m[22m
No issues found.
Compiling...
Compiled successfully!
webpack compiled [1m[32msuccessfully[39m[22m
No issues found.
Compiling...
Compiled successfully!
webpack compiled [1m[32msuccessfully[39m[22m
No issues found.
Compiling...
Failed to compile.

[eslint] 
src\pages\estimate\EstimatePage.tsx
Syntax error: Declaration or statement expected (1405:20)
[1m[31mERROR[39m[22m in [1m./src/pages/estimate/EstimatePage.tsx[39m[22m
Module build failed (from ./node_modules/babel-loader/lib/index.js):
SyntaxError: C:\Users\playz\cy\src\pages\estimate\EstimatePage.tsx: Unexpected token (1405:21)

[0m [90m 1403 |[39m         )[33m;[39m
 [90m 1404 |[39m     }[33m;[39m
[31m[1m>[22m[39m[90m 1405 |[39m                     [33m<[39m[33m/[39m[33mdiv[39m[33m>[39m
 [90m      |[39m                      [31m[1m^[22m[39m
 [90m 1406 |[39m                 [33m<[39m[33m/[39m[33mdiv[39m[33m>[39m
 [90m 1407 |[39m             [33m<[39m[33m/[39m[33mdiv[39m[33m>[39m
 [90m 1408 |[39m         )[33m;[39m[0m
    at constructor (C:\Users\playz\cy\node_modules\@babel\parser\lib\index.js:367:19)
    at TypeScriptParserMixin.raise (C:\Users\playz\cy\node_modules\@babel\parser\lib\index.js:6624:19)
    at TypeScriptParserMixin.unexpected (C:\Users\playz\cy\node_modules\@babel\parser\lib\index.js:6644:16)
    at TypeScriptParserMixin.jsxParseIdentifier (C:\Users\playz\cy\node_modules\@babel\parser\lib\index.js:4598:12)
    at TypeScriptParserMixin.jsxParseNamespacedName (C:\Users\playz\cy\node_modules\@babel\parser\lib\index.js:4605:23)
    at TypeScriptParserMixin.jsxParseElementName (C:\Users\playz\cy\node_modules\@babel\parser\lib\index.js:4614:21)
    at TypeScriptParserMixin.jsxParseOpeningElementAt (C:\Users\playz\cy\node_modules\@babel\parser\lib\index.js:4690:22)
    at TypeScriptParserMixin.jsxParseElementAt (C:\Users\playz\cy\node_modules\@babel\parser\lib\index.js:4715:33)
    at TypeScriptParserMixin.jsxParseElement (C:\Users\playz\cy\node_modules\@babel\parser\lib\index.js:4778:17)
    at TypeScriptParserMixin.parseExprAtom (C:\Users\playz\cy\node_modules\@babel\parser\lib\index.js:4788:19)
    at TypeScriptParserMixin.parseExprSubscripts (C:\Users\playz\cy\node_modules\@babel\parser\lib\index.js:11145:23)
    at TypeScriptParserMixin.parseUpdate (C:\Users\playz\cy\node_modules\@babel\parser\lib\index.js:11130:21)
    at TypeScriptParserMixin.parseMaybeUnary (C:\Users\playz\cy\node_modules\@babel\parser\lib\index.js:11110:23)
    at TypeScriptParserMixin.parseMaybeUnary (C:\Users\playz\cy\node_modules\@babel\parser\lib\index.js:9890:18)
    at TypeScriptParserMixin.parseMaybeUnaryOrPrivate (C:\Users\playz\cy\node_modules\@babel\parser\lib\index.js:10963:61)
    at TypeScriptParserMixin.parseExprOps (C:\Users\playz\cy\node_modules\@babel\parser\lib\index.js:10968:23)
    at TypeScriptParserMixin.parseMaybeConditional (C:\Users\playz\cy\node_modules\@babel\parser\lib\index.js:10945:23)
    at TypeScriptParserMixin.parseMaybeAssign (C:\Users\playz\cy\node_modules\@babel\parser\lib\index.js:10895:21)
    at C:\Users\playz\cy\node_modules\@babel\parser\lib\index.js:9828:39
    at TypeScriptParserMixin.tryParse (C:\Users\playz\cy\node_modules\@babel\parser\lib\index.js:6932:20)
    at TypeScriptParserMixin.parseMaybeAssign (C:\Users\playz\cy\node_modules\@babel\parser\lib\index.js:9828:18)
    at TypeScriptParserMixin.parseExpressionBase (C:\Users\playz\cy\node_modules\@babel\parser\lib\index.js:10848:23)
    at C:\Users\playz\cy\node_modules\@babel\parser\lib\index.js:10844:39
    at TypeScriptParserMixin.allowInAnd (C:\Users\playz\cy\node_modules\@babel\parser\lib\index.js:12495:16)
    at TypeScriptParserMixin.parseExpression (C:\Users\playz\cy\node_modules\@babel\parser\lib\index.js:10844:17)
    at TypeScriptParserMixin.parseStatementContent (C:\Users\playz\cy\node_modules\@babel\parser\lib\index.js:12971:23)
    at TypeScriptParserMixin.parseStatementContent (C:\Users\playz\cy\node_modules\@babel\parser\lib\index.js:9569:18)
    at TypeScriptParserMixin.parseStatementLike (C:\Users\playz\cy\node_modules\@babel\parser\lib\index.js:12843:17)
    at TypeScriptParserMixin.parseStatementListItem (C:\Users\playz\cy\node_modules\@babel\parser\lib\index.js:12823:17)
    at TypeScriptParserMixin.parseBlockOrModuleBlockBody (C:\Users\playz\cy\node_modules\@babel\parser\lib\index.js:13392:61)
    at TypeScriptParserMixin.parseBlockBody (C:\Users\playz\cy\node_modules\@babel\parser\lib\index.js:13385:10)
    at TypeScriptParserMixin.parseBlock (C:\Users\playz\cy\node_modules\@babel\parser\lib\index.js:13373:10)
    at TypeScriptParserMixin.parseFunctionBody (C:\Users\playz\cy\node_modules\@babel\parser\lib\index.js:12174:24)
    at TypeScriptParserMixin.parseArrowExpression (C:\Users\playz\cy\node_modules\@babel\parser\lib\index.js:12149:10)
    at TypeScriptParserMixin.parseParenAndDistinguishExpression (C:\Users\playz\cy\node_modules\@babel\parser\lib\index.js:11759:12)
    at TypeScriptParserMixin.parseExprAtom (C:\Users\playz\cy\node_modules\@babel\parser\lib\index.js:11395:23)
    at TypeScriptParserMixin.parseExprAtom (C:\Users\playz\cy\node_modules\@babel\parser\lib\index.js:4793:20)
    at TypeScriptParserMixin.parseExprSubscripts (C:\Users\playz\cy\node_modules\@babel\parser\lib\index.js:11145:23)
    at TypeScriptParserMixin.parseUpdate (C:\Users\playz\cy\node_modules\@babel\parser\lib\index.js:11130:21)
    at TypeScriptParserMixin.parseMaybeUnary (C:\Users\playz\cy\node_modules\@babel\parser\lib\index.js:11110:23)
    at TypeScriptParserMixin.parseMaybeUnary (C:\Users\playz\cy\node_modules\@babel\parser\lib\index.js:9890:18)
    at TypeScriptParserMixin.parseMaybeUnaryOrPrivate (C:\Users\playz\cy\node_modules\@babel\parser\lib\index.js:10963:61)
    at TypeScriptParserMixin.parseExprOps (C:\Users\playz\cy\node_modules\@babel\parser\lib\index.js:10968:23)
    at TypeScriptParserMixin.parseMaybeConditional (C:\Users\playz\cy\node_modules\@babel\parser\lib\index.js:10945:23)
    at TypeScriptParserMixin.parseMaybeAssign (C:\Users\playz\cy\node_modules\@babel\parser\lib\index.js:10895:21)
    at TypeScriptParserMixin.parseMaybeAssign (C:\Users\playz\cy\node_modules\@babel\parser\lib\index.js:9839:20)
    at C:\Users\playz\cy\node_modules\@babel\parser\lib\index.js:10864:39
    at TypeScriptParserMixin.allowInAnd (C:\Users\playz\cy\node_modules\@babel\parser\lib\index.js:12495:16)
    at TypeScriptParserMixin.parseMaybeAssignAllowIn (C:\Users\playz\cy\node_modules\@babel\parser\lib\index.js:10864:17)
    at TypeScriptParserMixin.parseVar (C:\Users\playz\cy\node_modules\@babel\parser\lib\index.js:13460:91)

[1m[31mERROR[39m[22m in [1m[eslint] 
src\pages\estimate\EstimatePage.tsx
  Line 1405:20:  Parsing [1m[31merror[39m[22m[1m: Declaration or statement expected

[39m[22m

webpack compiled with [1m[31m2 errors[39m[22m
Compiling...
Failed to compile.

[eslint] 
src\pages\estimate\EstimatePage.tsx
Syntax error: Declaration or statement expected (684:undefined)
[1m[31mERROR[39m[22m in [1m./src/pages/estimate/EstimatePage.tsx[39m[22m
Module build failed (from ./node_modules/babel-loader/lib/index.js):
SyntaxError: C:\Users\playz\cy\src\pages\estimate\EstimatePage.tsx: 'return' outside of function. (188:4)

[0m [90m 186 |[39m     }[33m;[39m
 [90m 187 |[39m
[31m[1m>[22m[39m[90m 188 |[39m     [36mreturn[39m (
 [90m     |[39m     [31m[1m^[22m[39m
 [90m 189 |[39m         [33m<[39m[33mdiv[39m className[33m=[39m[32m"flex h-full min-h-0 flex-col overflow-hidden bg-slate-100 text-slate-900"[39m[33m>[39m
 [90m 190 |[39m             [33m<[39m[33mstyle[39m[33m>[39m{[32m`[39m
 [90m 191 |[39m [32m                @media print {[39m[0m
    at constructor (C:\Users\playz\cy\node_modules\@babel\parser\lib\index.js:367:19)
    at TypeScriptParserMixin.raise (C:\Users\playz\cy\node_modules\@babel\parser\lib\index.js:6624:19)
    at TypeScriptParserMixin.parseReturnStatement (C:\Users\playz\cy\node_modules\@babel\parser\lib\index.js:13212:12)
    at TypeScriptParserMixin.parseStatementContent (C:\Users\playz\cy\node_modules\@babel\parser\lib\index.js:12874:21)
    at TypeScriptParserMixin.parseStatementContent (C:\Users\playz\cy\node_modules\@babel\parser\lib\index.js:9569:18)
    at TypeScriptParserMixin.parseStatementLike (C:\Users\playz\cy\node_modules\@babel\parser\lib\index.js:12843:17)
    at TypeScriptParserMixin.parseModuleItem (C:\Users\playz\cy\node_modules\@babel\parser\lib\index.js:12820:17)
    at TypeScriptParserMixin.parseBlockOrModuleBlockBody (C:\Users\playz\cy\node_modules\@babel\parser\lib\index.js:13392:36)
    at TypeScriptParserMixin.parseBlockBody (C:\Users\playz\cy\node_modules\@babel\parser\lib\index.js:13385:10)
    at TypeScriptParserMixin.parseProgram (C:\Users\playz\cy\node_modules\@babel\parser\lib\index.js:12698:10)
    at TypeScriptParserMixin.parseTopLevel (C:\Users\playz\cy\node_modules\@babel\parser\lib\index.js:12688:25)
    at TypeScriptParserMixin.parse (C:\Users\playz\cy\node_modules\@babel\parser\lib\index.js:14568:25)
    at TypeScriptParserMixin.parse (C:\Users\playz\cy\node_modules\@babel\parser\lib\index.js:10183:18)
    at parse (C:\Users\playz\cy\node_modules\@babel\parser\lib\index.js:14602:38)
    at parser (C:\Users\playz\cy\node_modules\@babel\core\lib\parser\index.js:41:34)
    at parser.next (<anonymous>)
    at normalizeFile (C:\Users\playz\cy\node_modules\@babel\core\lib\transformation\normalize-file.js:64:37)
    at normalizeFile.next (<anonymous>)
    at run (C:\Users\playz\cy\node_modules\@babel\core\lib\transformation\index.js:22:50)
    at run.next (<anonymous>)
    at transform (C:\Users\playz\cy\node_modules\@babel\core\lib\transform.js:22:33)
    at transform.next (<anonymous>)
    at step (C:\Users\playz\cy\node_modules\gensync\index.js:261:32)
    at C:\Users\playz\cy\node_modules\gensync\index.js:273:13
    at async.call.result.err.err (C:\Users\playz\cy\node_modules\gensync\index.js:223:11)

[1m[31mERROR[39m[22m in [1m[eslint] 
src\pages\estimate\EstimatePage.tsx
  Line 684:  Parsing [1m[31merror[39m[22m[1m: Declaration or statement expected

[39m[22m

webpack compiled with [1m[31m2 errors[39m[22m
Compiling...
Compiled successfully!
webpack compiled [1m[32msuccessfully[39m[22m
Compiling...
Compiled successfully!
webpack compiled [1m[32msuccessfully[39m[22m
Compiling...
Compiled successfully!
webpack compiled [1m[32msuccessfully[39m[22m
No issues found.
Compiling...
Failed to compile.

[eslint] 
src\pages\estimate\EstimatePage.tsx
Syntax error: Declaration or statement expected (411:undefined)
[1m[31mERROR[39m[22m in [1m./src/pages/estimate/EstimatePage.tsx[39m[22m
Module build failed (from ./node_modules/babel-loader/lib/index.js):
SyntaxError: C:\Users\playz\cy\src\pages\estimate\EstimatePage.tsx: 'return' outside of function. (253:4)

[0m [90m 251 |[39m     }[33m;[39m
 [90m 252 |[39m
[31m[1m>[22m[39m[90m 253 |[39m     [36mreturn[39m (
 [90m     |[39m     [31m[1m^[22m[39m
 [90m 254 |[39m         [33m<[39m[33mdiv[39m className[33m=[39m[32m"flex h-full min-h-0 flex-col overflow-hidden bg-slate-100 text-slate-900 font-sans"[39m[33m>[39m
 [90m 255 |[39m             [33m<[39m[33mdiv[39m className[33m=[39m[32m"flex flex-none items-center justify-between border-b border-slate-200 bg-white px-6 py-4"[39m[33m>[39m
 [90m 256 |[39m                 [33m<[39m[33mdiv[39m className[33m=[39m[32m"flex items-center gap-3"[39m[33m>[39m[0m
    at constructor (C:\Users\playz\cy\node_modules\@babel\parser\lib\index.js:367:19)
    at TypeScriptParserMixin.raise (C:\Users\playz\cy\node_modules\@babel\parser\lib\index.js:6624:19)
    at TypeScriptParserMixin.parseReturnStatement (C:\Users\playz\cy\node_modules\@babel\parser\lib\index.js:13212:12)
    at TypeScriptParserMixin.parseStatementContent (C:\Users\playz\cy\node_modules\@babel\parser\lib\index.js:12874:21)
    at TypeScriptParserMixin.parseStatementContent (C:\Users\playz\cy\node_modules\@babel\parser\lib\index.js:9569:18)
    at TypeScriptParserMixin.parseStatementLike (C:\Users\playz\cy\node_modules\@babel\parser\lib\index.js:12843:17)
    at TypeScriptParserMixin.parseModuleItem (C:\Users\playz\cy\node_modules\@babel\parser\lib\index.js:12820:17)
    at TypeScriptParserMixin.parseBlockOrModuleBlockBody (C:\Users\playz\cy\node_modules\@babel\parser\lib\index.js:13392:36)
    at TypeScriptParserMixin.parseBlockBody (C:\Users\playz\cy\node_modules\@babel\parser\lib\index.js:13385:10)
    at TypeScriptParserMixin.parseProgram (C:\Users\playz\cy\node_modules\@babel\parser\lib\index.js:12698:10)
    at TypeScriptParserMixin.parseTopLevel (C:\Users\playz\cy\node_modules\@babel\parser\lib\index.js:12688:25)
    at TypeScriptParserMixin.parse (C:\Users\playz\cy\node_modules\@babel\parser\lib\index.js:14568:25)
    at TypeScriptParserMixin.parse (C:\Users\playz\cy\node_modules\@babel\parser\lib\index.js:10183:18)
    at parse (C:\Users\playz\cy\node_modules\@babel\parser\lib\index.js:14602:38)
    at parser (C:\Users\playz\cy\node_modules\@babel\core\lib\parser\index.js:41:34)
    at parser.next (<anonymous>)
    at normalizeFile (C:\Users\playz\cy\node_modules\@babel\core\lib\transformation\normalize-file.js:64:37)
    at normalizeFile.next (<anonymous>)
    at run (C:\Users\playz\cy\node_modules\@babel\core\lib\transformation\index.js:22:50)
    at run.next (<anonymous>)
    at transform (C:\Users\playz\cy\node_modules\@babel\core\lib\transform.js:22:33)
    at transform.next (<anonymous>)
    at step (C:\Users\playz\cy\node_modules\gensync\index.js:261:32)
    at C:\Users\playz\cy\node_modules\gensync\index.js:273:13
    at async.call.result.err.err (C:\Users\playz\cy\node_modules\gensync\index.js:223:11)

[1m[31mERROR[39m[22m in [1m[eslint] 
src\pages\estimate\EstimatePage.tsx
  Line 411:  Parsing [1m[31merror[39m[22m[1m: Declaration or statement expected

[39m[22m

webpack compiled with [1m[31m2 errors[39m[22m
Compiling...
Failed to compile.

[eslint] 
src\pages\estimate\EstimatePage.tsx
Syntax error: Declaration or statement expected (411:undefined)
[1m[31mERROR[39m[22m in [1m./src/pages/estimate/EstimatePage.tsx[39m[22m
Module build failed (from ./node_modules/babel-loader/lib/index.js):
SyntaxError: C:\Users\playz\cy\src\pages\estimate\EstimatePage.tsx: 'return' outside of function. (253:4)

[0m [90m 251 |[39m     }[33m;[39m
 [90m 252 |[39m
[31m[1m>[22m[39m[90m 253 |[39m     [36mreturn[39m (
 [90m     |[39m     [31m[1m^[22m[39m
 [90m 254 |[39m         [33m<[39m[33mdiv[39m className[33m=[39m[32m"flex h-full min-h-0 flex-col overflow-hidden bg-slate-100 text-slate-900 font-sans"[39m[33m>[39m
 [90m 255 |[39m             [33m<[39m[33mdiv[39m className[33m=[39m[32m"flex flex-none items-center justify-between border-b border-slate-200 bg-white px-6 py-4"[39m[33m>[39m
 [90m 256 |[39m                 [33m<[39m[33mdiv[39m className[33m=[39m[32m"flex items-center gap-3"[39m[33m>[39m[0m
    at constructor (C:\Users\playz\cy\node_modules\@babel\parser\lib\index.js:367:19)
    at TypeScriptParserMixin.raise (C:\Users\playz\cy\node_modules\@babel\parser\lib\index.js:6624:19)
    at TypeScriptParserMixin.parseReturnStatement (C:\Users\playz\cy\node_modules\@babel\parser\lib\index.js:13212:12)
    at TypeScriptParserMixin.parseStatementContent (C:\Users\playz\cy\node_modules\@babel\parser\lib\index.js:12874:21)
    at TypeScriptParserMixin.parseStatementContent (C:\Users\playz\cy\node_modules\@babel\parser\lib\index.js:9569:18)
    at TypeScriptParserMixin.parseStatementLike (C:\Users\playz\cy\node_modules\@babel\parser\lib\index.js:12843:17)
    at TypeScriptParserMixin.parseModuleItem (C:\Users\playz\cy\node_modules\@babel\parser\lib\index.js:12820:17)
    at TypeScriptParserMixin.parseBlockOrModuleBlockBody (C:\Users\playz\cy\node_modules\@babel\parser\lib\index.js:13392:36)
    at TypeScriptParserMixin.parseBlockBody (C:\Users\playz\cy\node_modules\@babel\parser\lib\index.js:13385:10)
    at TypeScriptParserMixin.parseProgram (C:\Users\playz\cy\node_modules\@babel\parser\lib\index.js:12698:10)
    at TypeScriptParserMixin.parseTopLevel (C:\Users\playz\cy\node_modules\@babel\parser\lib\index.js:12688:25)
    at TypeScriptParserMixin.parse (C:\Users\playz\cy\node_modules\@babel\parser\lib\index.js:14568:25)
    at TypeScriptParserMixin.parse (C:\Users\playz\cy\node_modules\@babel\parser\lib\index.js:10183:18)
    at parse (C:\Users\playz\cy\node_modules\@babel\parser\lib\index.js:14602:38)
    at parser (C:\Users\playz\cy\node_modules\@babel\core\lib\parser\index.js:41:34)
    at parser.next (<anonymous>)
    at normalizeFile (C:\Users\playz\cy\node_modules\@babel\core\lib\transformation\normalize-file.js:64:37)
    at normalizeFile.next (<anonymous>)
    at run (C:\Users\playz\cy\node_modules\@babel\core\lib\transformation\index.js:22:50)
    at run.next (<anonymous>)
    at transform (C:\Users\playz\cy\node_modules\@babel\core\lib\transform.js:22:33)
    at transform.next (<anonymous>)
    at step (C:\Users\playz\cy\node_modules\gensync\index.js:261:32)
    at C:\Users\playz\cy\node_modules\gensync\index.js:273:13
    at async.call.result.err.err (C:\Users\playz\cy\node_modules\gensync\index.js:223:11)

[1m[31mERROR[39m[22m in [1m[eslint] 
src\pages\estimate\EstimatePage.tsx
  Line 411:  Parsing [1m[31merror[39m[22m[1m: Declaration or statement expected

[39m[22m

webpack compiled with [1m[31m2 errors[39m[22m
Files successfully emitted, waiting for typecheck results...
Issues checking in progress...
Compiling...
Compiled successfully!
webpack compiled [1m[32msuccessfully[39m[22m
No issues found.
Compiling...
Compiled successfully!
webpack compiled [1m[32msuccessfully[39m[22m
No issues found.
Compiling...
Compiled successfully!
webpack compiled [1m[32msuccessfully[39m[22m
Compiling...
Compiled successfully!
webpack compiled [1m[32msuccessfully[39m[22m
Compiling...
Compiled successfully!
webpack compiled [1m[32msuccessfully[39m[22m
Compiling...
Compiled successfully!
webpack compiled [1m[32msuccessfully[39m[22m
Compiling...
Compiled successfully!
webpack compiled [1m[32msuccessfully[39m[22m
Compiling...
Compiled successfully!
webpack compiled [1m[32msuccessfully[39m[22m
Compiling...
Compiled successfully!
webpack compiled [1m[32msuccessfully[39m[22m
No issues found.
Compiling...
Compiled successfully!
webpack compiled [1m[32msuccessfully[39m[22m
No issues found.
Compiling...
Compiled successfully!
webpack compiled [1m[32msuccessfully[39m[22m
No issues found.
Compiling...
Compiled successfully!
webpack compiled [1m[32msuccessfully[39m[22m
No issues found.
Compiling...
Compiled successfully!
webpack compiled [1m[32msuccessfully[39m[22m
No issues found.
Compiling...
Compiled successfully!
webpack compiled [1m[32msuccessfully[39m[22m
No issues found.
Compiling...
Compiled successfully!
webpack compiled [1m[32msuccessfully[39m[22m
Compiling...
No issues found.
Compiled successfully!
webpack compiled [1m[32msuccessfully[39m[22m
No issues found.
Compiling...
Compiled successfully!
webpack compiled [1m[32msuccessfully[39m[22m
Compiling...
No issues found.
Compiled successfully!
webpack compiled [1m[32msuccessfully[39m[22m
Compiling...
Compiled successfully!
webpack compiled [1m[32msuccessfully[39m[22m
Compiling...
Compiled successfully!
webpack compiled [1m[32msuccessfully[39m[22m
Compiling...
Failed to compile.

[eslint] 
src\App.tsx
  Line 409:55:  'SupportManagerPage' is not defined  react/jsx-no-undef
  Line 410:52:  'SupportManagerPage' is not defined  react/jsx-no-undef

Search for the keywords to learn more about each error.
[1m[31mERROR[39m[22m in [1m[eslint] 
src\App.tsx
  Line 409:55:  'SupportManagerPage' is not defined  react/jsx-no-undef
  Line 410:52:  'SupportManagerPage' is not defined  react/jsx-no-undef

Search for the keywords to learn more about each [1m[31merror[39m[22m[1m.[39m[22m

webpack compiled with [1m[31m1 error[39m[22m
Compiling...
Failed to compile.

[eslint] 
src\App.tsx
  Line 409:55:  'SupportManagerPage' is not defined  react/jsx-no-undef
  Line 410:52:  'SupportManagerPage' is not defined  react/jsx-no-undef

Search for the keywords to learn more about each error.
[1m[31mERROR[39m[22m in [1m[eslint] 
src\App.tsx
  Line 409:55:  'SupportManagerPage' is not defined  react/jsx-no-undef
  Line 410:52:  'SupportManagerPage' is not defined  react/jsx-no-undef

Search for the keywords to learn more about each [1m[31merror[39m[22m[1m.[39m[22m

webpack compiled with [1m[31m1 error[39m[22m
Compiling...
Failed to compile.

[eslint] 
src\App.tsx
  Line 409:55:  'SupportManagerPage' is not defined  react/jsx-no-undef
  Line 410:52:  'SupportManagerPage' is not defined  react/jsx-no-undef

Search for the keywords to learn more about each error.
[1m[31mERROR[39m[22m in [1m[eslint] 
src\App.tsx
  Line 409:55:  'SupportManagerPage' is not defined  react/jsx-no-undef
  Line 410:52:  'SupportManagerPage' is not defined  react/jsx-no-undef

Search for the keywords to learn more about each [1m[31merror[39m[22m[1m.[39m[22m

webpack compiled with [1m[31m1 error[39m[22m
Files successfully emitted, waiting for typecheck results...
Issues checking in progress...
Compiling...
Failed to compile.

[eslint] 
src\App.tsx
  Line 409:55:  'SupportManagerPage' is not defined  react/jsx-no-undef
  Line 410:52:  'SupportManagerPage' is not defined  react/jsx-no-undef

Search for the keywords to learn more about each error.
[1m[31mERROR[39m[22m in [1m[eslint] 
src\App.tsx
  Line 409:55:  'SupportManagerPage' is not defined  react/jsx-no-undef
  Line 410:52:  'SupportManagerPage' is not defined  react/jsx-no-undef

Search for the keywords to learn more about each [1m[31merror[39m[22m[1m.[39m[22m

webpack compiled with [1m[31m1 error[39m[22m
Compiling...
Failed to compile.

[eslint] 
src\App.tsx
  Line 409:55:  'SupportManagerPage' is not defined  react/jsx-no-undef
  Line 410:52:  'SupportManagerPage' is not defined  react/jsx-no-undef

Search for the keywords to learn more about each error.
[1m[31mERROR[39m[22m in [1m[eslint] 
src\App.tsx
  Line 409:55:  'SupportManagerPage' is not defined  react/jsx-no-undef
  Line 410:52:  'SupportManagerPage' is not defined  react/jsx-no-undef

Search for the keywords to learn more about each [1m[31merror[39m[22m[1m.[39m[22m

webpack compiled with [1m[31m1 error[39m[22m
Compiling...
Failed to compile.

[eslint] 
src\pages\support\VehicleManagerPage.tsx
Syntax error: Property assignment expected (118:42)
[1m[31mERROR[39m[22m in [1m./src/pages/support/VehicleManagerPage.tsx[39m[22m
Module build failed (from ./node_modules/babel-loader/lib/index.js):
SyntaxError: C:\Users\playz\cy\src\pages\support\VehicleManagerPage.tsx: Unexpected token (118:42)

[0m [90m 116 |[39m     )[33m;[39m
 [90m 117 |[39m                                 onManageExpenses[33m=[39m{handleManageExpenses}
[31m[1m>[22m[39m[90m 118 |[39m                                 onAssign[33m=[39m{(vehicle) [33m=>[39m {
 [90m     |[39m                                           [31m[1m^[22m[39m
 [90m 119 |[39m                                     setAssigningVehicle(vehicle)[33m;[39m
 [90m 120 |[39m                                 }}
 [90m 121 |[39m                                 onOpenBilling[33m=[39m{() [33m=>[39m {[0m
    at constructor (C:\Users\playz\cy\node_modules\@babel\parser\lib\index.js:367:19)
    at TypeScriptParserMixin.raise (C:\Users\playz\cy\node_modules\@babel\parser\lib\index.js:6624:19)
    at TypeScriptParserMixin.unexpected (C:\Users\playz\cy\node_modules\@babel\parser\lib\index.js:6644:16)
    at TypeScriptParserMixin.parsePropertyName (C:\Users\playz\cy\node_modules\@babel\parser\lib\index.js:12098:18)
    at TypeScriptParserMixin.parsePropertyDefinition (C:\Users\playz\cy\node_modules\@babel\parser\lib\index.js:11963:10)
    at TypeScriptParserMixin.parseObjectLike (C:\Users\playz\cy\node_modules\@babel\parser\lib\index.js:11904:21)
    at TypeScriptParserMixin.parseExprAtom (C:\Users\playz\cy\node_modules\@babel\parser\lib\index.js:11403:23)
    at TypeScriptParserMixin.parseExprAtom (C:\Users\playz\cy\node_modules\@babel\parser\lib\index.js:4793:20)
    at TypeScriptParserMixin.parseExprSubscripts (C:\Users\playz\cy\node_modules\@babel\parser\lib\index.js:11145:23)
    at TypeScriptParserMixin.parseUpdate (C:\Users\playz\cy\node_modules\@babel\parser\lib\index.js:11130:21)
    at TypeScriptParserMixin.parseMaybeUnary (C:\Users\playz\cy\node_modules\@babel\parser\lib\index.js:11110:23)
    at TypeScriptParserMixin.parseMaybeUnary (C:\Users\playz\cy\node_modules\@babel\parser\lib\index.js:9890:18)
    at TypeScriptParserMixin.parseMaybeUnaryOrPrivate (C:\Users\playz\cy\node_modules\@babel\parser\lib\index.js:10963:61)
    at TypeScriptParserMixin.parseExprOps (C:\Users\playz\cy\node_modules\@babel\parser\lib\index.js:10968:23)
    at TypeScriptParserMixin.parseMaybeConditional (C:\Users\playz\cy\node_modules\@babel\parser\lib\index.js:10945:23)
    at TypeScriptParserMixin.parseMaybeAssign (C:\Users\playz\cy\node_modules\@babel\parser\lib\index.js:10895:21)
    at TypeScriptParserMixin.parseMaybeAssign (C:\Users\playz\cy\node_modules\@babel\parser\lib\index.js:9839:20)
    at TypeScriptParserMixin.parseMaybeAssign (C:\Users\playz\cy\node_modules\@babel\parser\lib\index.js:10924:25)
    at TypeScriptParserMixin.parseMaybeAssign (C:\Users\playz\cy\node_modules\@babel\parser\lib\index.js:9839:20)
    at TypeScriptParserMixin.parseExpressionBase (C:\Users\playz\cy\node_modules\@babel\parser\lib\index.js:10848:23)
    at C:\Users\playz\cy\node_modules\@babel\parser\lib\index.js:10844:39
    at TypeScriptParserMixin.allowInAnd (C:\Users\playz\cy\node_modules\@babel\parser\lib\index.js:12495:16)
    at TypeScriptParserMixin.parseExpression (C:\Users\playz\cy\node_modules\@babel\parser\lib\index.js:10844:17)
    at TypeScriptParserMixin.parseStatementContent (C:\Users\playz\cy\node_modules\@babel\parser\lib\index.js:12971:23)
    at TypeScriptParserMixin.parseStatementContent (C:\Users\playz\cy\node_modules\@babel\parser\lib\index.js:9569:18)
    at TypeScriptParserMixin.parseStatementLike (C:\Users\playz\cy\node_modules\@babel\parser\lib\index.js:12843:17)
    at TypeScriptParserMixin.parseStatementListItem (C:\Users\playz\cy\node_modules\@babel\parser\lib\index.js:12823:17)
    at TypeScriptParserMixin.parseBlockOrModuleBlockBody (C:\Users\playz\cy\node_modules\@babel\parser\lib\index.js:13392:61)
    at TypeScriptParserMixin.parseBlockBody (C:\Users\playz\cy\node_modules\@babel\parser\lib\index.js:13385:10)
    at TypeScriptParserMixin.parseBlock (C:\Users\playz\cy\node_modules\@babel\parser\lib\index.js:13373:10)
    at TypeScriptParserMixin.parseFunctionBody (C:\Users\playz\cy\node_modules\@babel\parser\lib\index.js:12174:24)
    at TypeScriptParserMixin.parseArrowExpression (C:\Users\playz\cy\node_modules\@babel\parser\lib\index.js:12149:10)
    at TypeScriptParserMixin.parseParenAndDistinguishExpression (C:\Users\playz\cy\node_modules\@babel\parser\lib\index.js:11759:12)
    at TypeScriptParserMixin.parseExprAtom (C:\Users\playz\cy\node_modules\@babel\parser\lib\index.js:11395:23)
    at TypeScriptParserMixin.parseExprAtom (C:\Users\playz\cy\node_modules\@babel\parser\lib\index.js:4793:20)
    at TypeScriptParserMixin.parseExprSubscripts (C:\Users\playz\cy\node_modules\@babel\parser\lib\index.js:11145:23)
    at TypeScriptParserMixin.parseUpdate (C:\Users\playz\cy\node_modules\@babel\parser\lib\index.js:11130:21)
    at TypeScriptParserMixin.parseMaybeUnary (C:\Users\playz\cy\node_modules\@babel\parser\lib\index.js:11110:23)
    at TypeScriptParserMixin.parseMaybeUnary (C:\Users\playz\cy\node_modules\@babel\parser\lib\index.js:9890:18)
    at TypeScriptParserMixin.parseMaybeUnaryOrPrivate (C:\Users\playz\cy\node_modules\@babel\parser\lib\index.js:10963:61)
    at TypeScriptParserMixin.parseExprOps (C:\Users\playz\cy\node_modules\@babel\parser\lib\index.js:10968:23)
    at TypeScriptParserMixin.parseMaybeConditional (C:\Users\playz\cy\node_modules\@babel\parser\lib\index.js:10945:23)
    at TypeScriptParserMixin.parseMaybeAssign (C:\Users\playz\cy\node_modules\@babel\parser\lib\index.js:10895:21)
    at TypeScriptParserMixin.parseMaybeAssign (C:\Users\playz\cy\node_modules\@babel\parser\lib\index.js:9839:20)
    at C:\Users\playz\cy\node_modules\@babel\parser\lib\index.js:10864:39
    at TypeScriptParserMixin.allowInAnd (C:\Users\playz\cy\node_modules\@babel\parser\lib\index.js:12495:16)
    at TypeScriptParserMixin.parseMaybeAssignAllowIn (C:\Users\playz\cy\node_modules\@babel\parser\lib\index.js:10864:17)
    at TypeScriptParserMixin.parseVar (C:\Users\playz\cy\node_modules\@babel\parser\lib\index.js:13460:91)
    at TypeScriptParserMixin.parseVarStatement (C:\Users\playz\cy\node_modules\@babel\parser\lib\index.js:13306:10)
    at TypeScriptParserMixin.parseVarStatement (C:\Users\playz\cy\node_modules\@babel\parser\lib\index.js:9469:31)

[1m[31mERROR[39m[22m in [1m[eslint] 
src\pages\support\VehicleManagerPage.tsx
  Line 118:42:  Parsing [1m[31merror[39m[22m[1m: Property assignment expected

[39m[22m

webpack compiled with [1m[31m2 errors[39m[22m
Compiling...
Failed to compile.

[eslint] 
src\pages\support\VehicleManagerPage.tsx
Syntax error: Property assignment expected (177:42)
[1m[31mERROR[39m[22m in [1m./src/pages/support/VehicleManagerPage.tsx[39m[22m
Module build failed (from ./node_modules/babel-loader/lib/index.js):
SyntaxError: C:\Users\playz\cy\src\pages\support\VehicleManagerPage.tsx: Unexpected token (177:42)

[0m [90m 175 |[39m     )[33m;[39m
 [90m 176 |[39m                                 onManageExpenses[33m=[39m{handleManageExpenses}
[31m[1m>[22m[39m[90m 177 |[39m                                 onAssign[33m=[39m{(vehicle) [33m=>[39m {
 [90m     |[39m                                           [31m[1m^[22m[39m
 [90m 178 |[39m                                     setAssigningVehicle(vehicle)[33m;[39m
 [90m 179 |[39m                                 }}
 [90m 180 |[39m                                 onOpenBilling[33m=[39m{() [33m=>[39m {[0m
    at constructor (C:\Users\playz\cy\node_modules\@babel\parser\lib\index.js:367:19)
    at TypeScriptParserMixin.raise (C:\Users\playz\cy\node_modules\@babel\parser\lib\index.js:6624:19)
    at TypeScriptParserMixin.unexpected (C:\Users\playz\cy\node_modules\@babel\parser\lib\index.js:6644:16)
    at TypeScriptParserMixin.parsePropertyName (C:\Users\playz\cy\node_modules\@babel\parser\lib\index.js:12098:18)
    at TypeScriptParserMixin.parsePropertyDefinition (C:\Users\playz\cy\node_modules\@babel\parser\lib\index.js:11963:10)
    at TypeScriptParserMixin.parseObjectLike (C:\Users\playz\cy\node_modules\@babel\parser\lib\index.js:11904:21)
    at TypeScriptParserMixin.parseExprAtom (C:\Users\playz\cy\node_modules\@babel\parser\lib\index.js:11403:23)
    at TypeScriptParserMixin.parseExprAtom (C:\Users\playz\cy\node_modules\@babel\parser\lib\index.js:4793:20)
    at TypeScriptParserMixin.parseExprSubscripts (C:\Users\playz\cy\node_modules\@babel\parser\lib\index.js:11145:23)
    at TypeScriptParserMixin.parseUpdate (C:\Users\playz\cy\node_modules\@babel\parser\lib\index.js:11130:21)
    at TypeScriptParserMixin.parseMaybeUnary (C:\Users\playz\cy\node_modules\@babel\parser\lib\index.js:11110:23)
    at TypeScriptParserMixin.parseMaybeUnary (C:\Users\playz\cy\node_modules\@babel\parser\lib\index.js:9890:18)
    at TypeScriptParserMixin.parseMaybeUnaryOrPrivate (C:\Users\playz\cy\node_modules\@babel\parser\lib\index.js:10963:61)
    at TypeScriptParserMixin.parseExprOps (C:\Users\playz\cy\node_modules\@babel\parser\lib\index.js:10968:23)
    at TypeScriptParserMixin.parseMaybeConditional (C:\Users\playz\cy\node_modules\@babel\parser\lib\index.js:10945:23)
    at TypeScriptParserMixin.parseMaybeAssign (C:\Users\playz\cy\node_modules\@babel\parser\lib\index.js:10895:21)
    at TypeScriptParserMixin.parseMaybeAssign (C:\Users\playz\cy\node_modules\@babel\parser\lib\index.js:9839:20)
    at TypeScriptParserMixin.parseMaybeAssign (C:\Users\playz\cy\node_modules\@babel\parser\lib\index.js:10924:25)
    at TypeScriptParserMixin.parseMaybeAssign (C:\Users\playz\cy\node_modules\@babel\parser\lib\index.js:9839:20)
    at TypeScriptParserMixin.parseExpressionBase (C:\Users\playz\cy\node_modules\@babel\parser\lib\index.js:10848:23)
    at C:\Users\playz\cy\node_modules\@babel\parser\lib\index.js:10844:39
    at TypeScriptParserMixin.allowInAnd (C:\Users\playz\cy\node_modules\@babel\parser\lib\index.js:12495:16)
    at TypeScriptParserMixin.parseExpression (C:\Users\playz\cy\node_modules\@babel\parser\lib\index.js:10844:17)
    at TypeScriptParserMixin.parseStatementContent (C:\Users\playz\cy\node_modules\@babel\parser\lib\index.js:12971:23)
    at TypeScriptParserMixin.parseStatementContent (C:\Users\playz\cy\node_modules\@babel\parser\lib\index.js:9569:18)
    at TypeScriptParserMixin.parseStatementLike (C:\Users\playz\cy\node_modules\@babel\parser\lib\index.js:12843:17)
    at TypeScriptParserMixin.parseStatementListItem (C:\Users\playz\cy\node_modules\@babel\parser\lib\index.js:12823:17)
    at TypeScriptParserMixin.parseBlockOrModuleBlockBody (C:\Users\playz\cy\node_modules\@babel\parser\lib\index.js:13392:61)
    at TypeScriptParserMixin.parseBlockBody (C:\Users\playz\cy\node_modules\@babel\parser\lib\index.js:13385:10)
    at TypeScriptParserMixin.parseBlock (C:\Users\playz\cy\node_modules\@babel\parser\lib\index.js:13373:10)
    at TypeScriptParserMixin.parseFunctionBody (C:\Users\playz\cy\node_modules\@babel\parser\lib\index.js:12174:24)
    at TypeScriptParserMixin.parseArrowExpression (C:\Users\playz\cy\node_modules\@babel\parser\lib\index.js:12149:10)
    at TypeScriptParserMixin.parseParenAndDistinguishExpression (C:\Users\playz\cy\node_modules\@babel\parser\lib\index.js:11759:12)
    at TypeScriptParserMixin.parseExprAtom (C:\Users\playz\cy\node_modules\@babel\parser\lib\index.js:11395:23)
    at TypeScriptParserMixin.parseExprAtom (C:\Users\playz\cy\node_modules\@babel\parser\lib\index.js:4793:20)
    at TypeScriptParserMixin.parseExprSubscripts (C:\Users\playz\cy\node_modules\@babel\parser\lib\index.js:11145:23)
    at TypeScriptParserMixin.parseUpdate (C:\Users\playz\cy\node_modules\@babel\parser\lib\index.js:11130:21)
    at TypeScriptParserMixin.parseMaybeUnary (C:\Users\playz\cy\node_modules\@babel\parser\lib\index.js:11110:23)
    at TypeScriptParserMixin.parseMaybeUnary (C:\Users\playz\cy\node_modules\@babel\parser\lib\index.js:9890:18)
    at TypeScriptParserMixin.parseMaybeUnaryOrPrivate (C:\Users\playz\cy\node_modules\@babel\parser\lib\index.js:10963:61)
    at TypeScriptParserMixin.parseExprOps (C:\Users\playz\cy\node_modules\@babel\parser\lib\index.js:10968:23)
    at TypeScriptParserMixin.parseMaybeConditional (C:\Users\playz\cy\node_modules\@babel\parser\lib\index.js:10945:23)
    at TypeScriptParserMixin.parseMaybeAssign (C:\Users\playz\cy\node_modules\@babel\parser\lib\index.js:10895:21)
    at TypeScriptParserMixin.parseMaybeAssign (C:\Users\playz\cy\node_modules\@babel\parser\lib\index.js:9839:20)
    at C:\Users\playz\cy\node_modules\@babel\parser\lib\index.js:10864:39
    at TypeScriptParserMixin.allowInAnd (C:\Users\playz\cy\node_modules\@babel\parser\lib\index.js:12495:16)
    at TypeScriptParserMixin.parseMaybeAssignAllowIn (C:\Users\playz\cy\node_modules\@babel\parser\lib\index.js:10864:17)
    at TypeScriptParserMixin.parseVar (C:\Users\playz\cy\node_modules\@babel\parser\lib\index.js:13460:91)
    at TypeScriptParserMixin.parseVarStatement (C:\Users\playz\cy\node_modules\@babel\parser\lib\index.js:13306:10)
    at TypeScriptParserMixin.parseVarStatement (C:\Users\playz\cy\node_modules\@babel\parser\lib\index.js:9469:31)

[1m[31mERROR[39m[22m in [1m[eslint] 
src\pages\support\VehicleManagerPage.tsx
  Line 177:42:  Parsing [1m[31merror[39m[22m[1m: Property assignment expected

[39m[22m

webpack compiled with [1m[31m2 errors[39m[22m
Compiling...
Compiled successfully!
webpack compiled [1m[32msuccessfully[39m[22m
No issues found.
Compiling...
Failed to compile.

Attempted import error: 'SupportManagerPage' is not exported from './pages/support/SupportManagerPage' (imported as 'SupportManagerPage').
[1m[31mERROR[39m[22m in [1m./src/App.tsx[39m[22m [1m[32m1546:42-60[39m[22m
[1mexport 'SupportManagerPage' (imported as 'SupportManagerPage') was [1m[31mnot found[39m[22m[1m in './pages/support/SupportManagerPage' (possible exports: [1m[32mdefault[39m[22m[1m)[39m[22m

[1m[31mERROR[39m[22m in [1m./src/App.tsx[39m[22m [1m[32m1557:42-60[39m[22m
[1mexport 'SupportManagerPage' (imported as 'SupportManagerPage') was [1m[31mnot found[39m[22m[1m in './pages/support/SupportManagerPage' (possible exports: [1m[32mdefault[39m[22m[1m)[39m[22m

webpack compiled with [1m[31m2 errors[39m[22m
Compiling...
Compiled successfully!
webpack compiled [1m[32msuccessfully[39m[22m
No issues found.
Compiling...
Compiled successfully!
webpack compiled [1m[32msuccessfully[39m[22m
No issues found.
Compiling...
Compiled successfully!
webpack compiled [1m[32msuccessfully[39m[22m
No issues found.
Compiling...
Compiled successfully!
webpack compiled [1m[32msuccessfully[39m[22m
No issues found.
Compiling...
Compiled successfully!
webpack compiled [1m[32msuccessfully[39m[22m
Compiling...
Compiled successfully!
webpack compiled [1m[32msuccessfully[39m[22m
No issues found.
Compiling...
Compiled successfully!
webpack compiled [1m[32msuccessfully[39m[22m
No issues found.
Compiling...
Compiled successfully!
webpack compiled [1m[32msuccessfully[39m[22m
No issues found.
Compiling...
Compiled successfully!
webpack compiled [1m[32msuccessfully[39m[22m
Compiling...
Compiled successfully!
webpack compiled [1m[32msuccessfully[39m[22m
No issues found.
Compiling...
Compiled successfully!
webpack compiled [1m[32msuccessfully[39m[22m
No issues found.
Compiling...
Compiled successfully!
webpack compiled [1m[32msuccessfully[39m[22m
No issues found.
Compiling...
Compiled successfully!
webpack compiled [1m[32msuccessfully[39m[22m
Compiling...
No issues found.
Compiled successfully!
webpack compiled [1m[32msuccessfully[39m[22m
No issues found.
Compiling...
Compiled successfully!
webpack compiled [1m[32msuccessfully[39m[22m
No issues found.
Compiling...
Compiled successfully!
webpack compiled [1m[32msuccessfully[39m[22m
No issues found.
Compiling...
Compiled successfully!
webpack compiled [1m[32msuccessfully[39m[22m
No issues found.
Compiling...
Compiled successfully!
webpack compiled [1m[32msuccessfully[39m[22m
Compiling...
Compiled successfully!
webpack compiled [1m[32msuccessfully[39m[22m
Compiling...
Compiled successfully!
webpack compiled [1m[32msuccessfully[39m[22m
No issues found.
Compiling...
Compiled successfully!
webpack compiled [1m[32msuccessfully[39m[22m
No issues found.
Compiling...
Compiled successfully!
webpack compiled [1m[32msuccessfully[39m[22m
No issues found.
Compiling...
Compiled successfully!
webpack compiled [1m[32msuccessfully[39m[22m
No issues found.
Compiling...
Compiled successfully!
webpack compiled [1m[32msuccessfully[39m[22m
No issues found.
Compiling...
Compiled successfully!
webpack compiled [1m[32msuccessfully[39m[22m
No issues found.
Compiling...
Compiled successfully!
webpack compiled [1m[32msuccessfully[39m[22m
No issues found.
Compiling...
Compiled successfully!
webpack compiled [1m[32msuccessfully[39m[22m
No issues found.
Compiling...
Compiled successfully!
webpack compiled [1m[32msuccessfully[39m[22m
Compiling...
Compiled successfully!
webpack compiled [1m[32msuccessfully[39m[22m
Files successfully emitted, waiting for typecheck results...
Issues checking in progress...
Compiling...
Compiled successfully!
webpack compiled [1m[32msuccessfully[39m[22m
Compiling...
Compiled successfully!
webpack compiled [1m[32msuccessfully[39m[22m
No issues found.
Compiling...
Compiled successfully!
webpack compiled [1m[32msuccessfully[39m[22m
No issues found.
Compiling...
Compiled successfully!
webpack compiled [1m[32msuccessfully[39m[22m
No issues found.
Compiling...
Compiled successfully!
webpack compiled [1m[32msuccessfully[39m[22m
No issues found.
Compiling...
Compiled successfully!
webpack compiled [1m[32msuccessfully[39m[22m
No issues found.
Compiling...
Compiled successfully!
webpack compiled [1m[32msuccessfully[39m[22m
No issues found.
Compiling...
Compiled successfully!
webpack compiled [1m[32msuccessfully[39m[22m
No issues found.
Compiling...
Compiled successfully!
webpack compiled [1m[32msuccessfully[39m[22m
No issues found.
Compiling...
Compiled successfully!
webpack compiled [1m[32msuccessfully[39m[22m
No issues found.
Compiling...
Compiled successfully!
webpack compiled [1m[32msuccessfully[39m[22m
No issues found.
Compiling...
Compiled successfully!
webpack compiled [1m[32msuccessfully[39m[22m
No issues found.
Compiling...
Compiled successfully!
webpack compiled [1m[32msuccessfully[39m[22m
No issues found.
Compiling...
Compiled successfully!
webpack compiled [1m[32msuccessfully[39m[22m
No issues found.
Compiling...
Compiled successfully!
webpack compiled [1m[32msuccessfully[39m[22m
Compiling...
No issues found.
Compiled successfully!
webpack compiled [1m[32msuccessfully[39m[22m
Files successfully emitted, waiting for typecheck results...
Issues checking in progress...
No issues found.
Compiling...
Compiled successfully!
webpack compiled [1m[32msuccessfully[39m[22m
No issues found.
Compiling...
Compiled successfully!
webpack compiled [1m[32msuccessfully[39m[22m
No issues found.
Compiling...
Compiled successfully!
webpack compiled [1m[32msuccessfully[39m[22m
No issues found.
Compiling...
Compiled successfully!
webpack compiled [1m[32msuccessfully[39m[22m
No issues found.
Compiling...
Compiled successfully!
webpack compiled [1m[32msuccessfully[39m[22m
No issues found.
Compiling...
Compiled successfully!
webpack compiled [1m[32msuccessfully[39m[22m
No issues found.
Compiling...
Compiled successfully!
webpack compiled [1m[32msuccessfully[39m[22m
No issues found.
Compiling...
Compiled successfully!
webpack compiled [1m[32msuccessfully[39m[22m
No issues found.
Compiling...
Compiled successfully!
webpack compiled [1m[32msuccessfully[39m[22m
No issues found.
Compiling...
Compiled successfully!
webpack compiled [1m[32msuccessfully[39m[22m
No issues found.
Compiling...
Compiled successfully!
webpack compiled [1m[32msuccessfully[39m[22m
No issues found.
Compiling...
Compiled successfully!
webpack compiled [1m[32msuccessfully[39m[22m
No issues found.
Compiling...
Compiled successfully!
webpack compiled [1m[32msuccessfully[39m[22m
No issues found.
Compiling...
Compiled successfully!
webpack compiled [1m[32msuccessfully[39m[22m
No issues found.
Compiling...
Compiled successfully!
webpack compiled [1m[32msuccessfully[39m[22m
No issues found.
Compiling...
Compiled successfully!
webpack compiled [1m[32msuccessfully[39m[22m
No issues found.
Compiling...
Compiled successfully!
webpack compiled [1m[32msuccessfully[39m[22m
No issues found.
Compiling...
Compiled successfully!
webpack compiled [1m[32msuccessfully[39m[22m
No issues found.
Compiling...
Compiled successfully!
webpack compiled [1m[32msuccessfully[39m[22m
No issues found.
Compiling...
Compiled successfully!
webpack compiled [1m[32msuccessfully[39m[22m
No issues found.
Compiling...
Compiled successfully!
webpack compiled [1m[32msuccessfully[39m[22m
Compiling...
No issues found.
Compiled successfully!
webpack compiled [1m[32msuccessfully[39m[22m
Files successfully emitted, waiting for typecheck results...
Issues checking in progress...
No issues found.
Compiling...
Compiled successfully!
webpack compiled [1m[32msuccessfully[39m[22m
No issues found.
Compiling...
Compiled successfully!
webpack compiled [1m[32msuccessfully[39m[22m
Compiling...
Compiled successfully!
webpack compiled [1m[32msuccessfully[39m[22m
Compiling...
No issues found.
Compiled successfully!
webpack compiled [1m[32msuccessfully[39m[22m
Files successfully emitted, waiting for typecheck results...
Issues checking in progress...
No issues found.
Compiling...
Compiled successfully!
webpack compiled [1m[32msuccessfully[39m[22m
Compiling...
No issues found.
Compiled successfully!
webpack compiled [1m[32msuccessfully[39m[22m
Files successfully emitted, waiting for typecheck results...
Issues checking in progress...
No issues found.
Compiling...
Compiled successfully!
webpack compiled [1m[32msuccessfully[39m[22m
No issues found.
Compiling...
Compiled successfully!
webpack compiled [1m[32msuccessfully[39m[22m
Compiling...
Compiled successfully!
webpack compiled [1m[32msuccessfully[39m[22m
No issues found.
Compiling...
Compiled successfully!
webpack compiled [1m[32msuccessfully[39m[22m
No issues found.
Compiling...
Compiled successfully!
webpack compiled [1m[32msuccessfully[39m[22m
No issues found.
Compiling...
Compiled successfully!
webpack compiled [1m[32msuccessfully[39m[22m
No issues found.
Compiling...
Compiled successfully!
webpack compiled [1m[32msuccessfully[39m[22m
No issues found.
Compiling...
Compiled successfully!
webpack compiled [1m[32msuccessfully[39m[22m
No issues found.
Compiling...
Compiled successfully!
webpack compiled [1m[32msuccessfully[39m[22m
Compiling...
No issues found.
Compiled successfully!
webpack compiled [1m[32msuccessfully[39m[22m
Files successfully emitted, waiting for typecheck results...
Issues checking in progress...
No issues found.
Compiling...
Compiled successfully!
webpack compiled [1m[32msuccessfully[39m[22m
No issues found.
Compiling...
Compiled successfully!
webpack compiled [1m[32msuccessfully[39m[22m
No issues found.
Compiling...
Compiled successfully!
webpack compiled [1m[32msuccessfully[39m[22m
No issues found.
Compiling...
Compiled successfully!
webpack compiled [1m[32msuccessfully[39m[22m
No issues found.
Compiling...
Failed to compile.

[eslint] 
src\pages\estimate\EstimatePage.tsx
Syntax error: Expected corresponding JSX closing tag for 'div' (322:26)
[1m[31mERROR[39m[22m in [1m./src/pages/estimate/EstimatePage.tsx[39m[22m
Module build failed (from ./node_modules/babel-loader/lib/index.js):
SyntaxError: C:\Users\playz\cy\src\pages\estimate\EstimatePage.tsx: Expected corresponding JSX closing tag for <div>. (322:24)

[0m [90m 320 |[39m                     [33m<[39m[33m/[39m[33mtable[39m[33m>[39m
 [90m 321 |[39m                 [33m<[39m[33m/[39m[33mdiv[39m[33m>[39m
[31m[1m>[22m[39m[90m 322 |[39m                         [33m<[39m[33m/[39m[33mtbody[39m[33m>[39m
 [90m     |[39m                         [31m[1m^[22m[39m
 [90m 323 |[39m                     [33m<[39m[33m/[39m[33mtable[39m[33m>[39m
 [90m 324 |[39m                 [33m<[39m[33m/[39m[33mdiv[39m[33m>[39m
 [90m 325 |[39m                 [0m
    at constructor (C:\Users\playz\cy\node_modules\@babel\parser\lib\index.js:367:19)
    at TypeScriptParserMixin.raise (C:\Users\playz\cy\node_modules\@babel\parser\lib\index.js:6624:19)
    at TypeScriptParserMixin.jsxParseElementAt (C:\Users\playz\cy\node_modules\@babel\parser\lib\index.js:4756:16)
    at TypeScriptParserMixin.jsxParseElement (C:\Users\playz\cy\node_modules\@babel\parser\lib\index.js:4778:17)
    at TypeScriptParserMixin.parseExprAtom (C:\Users\playz\cy\node_modules\@babel\parser\lib\index.js:4788:19)
    at TypeScriptParserMixin.parseExprSubscripts (C:\Users\playz\cy\node_modules\@babel\parser\lib\index.js:11145:23)
    at TypeScriptParserMixin.parseUpdate (C:\Users\playz\cy\node_modules\@babel\parser\lib\index.js:11130:21)
    at TypeScriptParserMixin.parseMaybeUnary (C:\Users\playz\cy\node_modules\@babel\parser\lib\index.js:11110:23)
    at TypeScriptParserMixin.parseMaybeUnary (C:\Users\playz\cy\node_modules\@babel\parser\lib\index.js:9890:18)
    at TypeScriptParserMixin.parseMaybeUnaryOrPrivate (C:\Users\playz\cy\node_modules\@babel\parser\lib\index.js:10963:61)
    at TypeScriptParserMixin.parseExprOps (C:\Users\playz\cy\node_modules\@babel\parser\lib\index.js:10968:23)
    at TypeScriptParserMixin.parseMaybeConditional (C:\Users\playz\cy\node_modules\@babel\parser\lib\index.js:10945:23)
    at TypeScriptParserMixin.parseMaybeAssign (C:\Users\playz\cy\node_modules\@babel\parser\lib\index.js:10895:21)
    at C:\Users\playz\cy\node_modules\@babel\parser\lib\index.js:9828:39
    at TypeScriptParserMixin.tryParse (C:\Users\playz\cy\node_modules\@babel\parser\lib\index.js:6932:20)
    at TypeScriptParserMixin.parseMaybeAssign (C:\Users\playz\cy\node_modules\@babel\parser\lib\index.js:9828:18)
    at C:\Users\playz\cy\node_modules\@babel\parser\lib\index.js:10864:39
    at TypeScriptParserMixin.allowInAnd (C:\Users\playz\cy\node_modules\@babel\parser\lib\index.js:12500:12)
    at TypeScriptParserMixin.parseMaybeAssignAllowIn (C:\Users\playz\cy\node_modules\@babel\parser\lib\index.js:10864:17)
    at TypeScriptParserMixin.parseMaybeAssignAllowInOrVoidPattern (C:\Users\playz\cy\node_modules\@babel\parser\lib\index.js:12567:17)
    at TypeScriptParserMixin.parseParenAndDistinguishExpression (C:\Users\playz\cy\node_modules\@babel\parser\lib\index.js:11747:28)
    at TypeScriptParserMixin.parseExprAtom (C:\Users\playz\cy\node_modules\@babel\parser\lib\index.js:11395:23)
    at TypeScriptParserMixin.parseExprAtom (C:\Users\playz\cy\node_modules\@babel\parser\lib\index.js:4793:20)
    at TypeScriptParserMixin.parseExprSubscripts (C:\Users\playz\cy\node_modules\@babel\parser\lib\index.js:11145:23)
    at TypeScriptParserMixin.parseUpdate (C:\Users\playz\cy\node_modules\@babel\parser\lib\index.js:11130:21)
    at TypeScriptParserMixin.parseMaybeUnary (C:\Users\playz\cy\node_modules\@babel\parser\lib\index.js:11110:23)
    at TypeScriptParserMixin.parseMaybeUnary (C:\Users\playz\cy\node_modules\@babel\parser\lib\index.js:9890:18)
    at TypeScriptParserMixin.parseMaybeUnaryOrPrivate (C:\Users\playz\cy\node_modules\@babel\parser\lib\index.js:10963:61)
    at TypeScriptParserMixin.parseExprOps (C:\Users\playz\cy\node_modules\@babel\parser\lib\index.js:10968:23)
    at TypeScriptParserMixin.parseMaybeConditional (C:\Users\playz\cy\node_modules\@babel\parser\lib\index.js:10945:23)
    at TypeScriptParserMixin.parseMaybeAssign (C:\Users\playz\cy\node_modules\@babel\parser\lib\index.js:10895:21)
    at TypeScriptParserMixin.parseMaybeAssign (C:\Users\playz\cy\node_modules\@babel\parser\lib\index.js:9839:20)
    at TypeScriptParserMixin.parseExpressionBase (C:\Users\playz\cy\node_modules\@babel\parser\lib\index.js:10848:23)
    at C:\Users\playz\cy\node_modules\@babel\parser\lib\index.js:10844:39
    at TypeScriptParserMixin.allowInAnd (C:\Users\playz\cy\node_modules\@babel\parser\lib\index.js:12495:16)
    at TypeScriptParserMixin.parseExpression (C:\Users\playz\cy\node_modules\@babel\parser\lib\index.js:10844:17)
    at TypeScriptParserMixin.parseReturnStatement (C:\Users\playz\cy\node_modules\@babel\parser\lib\index.js:13218:28)
    at TypeScriptParserMixin.parseStatementContent (C:\Users\playz\cy\node_modules\@babel\parser\lib\index.js:12874:21)
    at TypeScriptParserMixin.parseStatementContent (C:\Users\playz\cy\node_modules\@babel\parser\lib\index.js:9569:18)
    at TypeScriptParserMixin.parseStatementLike (C:\Users\playz\cy\node_modules\@babel\parser\lib\index.js:12843:17)
    at TypeScriptParserMixin.parseStatementListItem (C:\Users\playz\cy\node_modules\@babel\parser\lib\index.js:12823:17)
    at TypeScriptParserMixin.parseBlockOrModuleBlockBody (C:\Users\playz\cy\node_modules\@babel\parser\lib\index.js:13392:61)
    at TypeScriptParserMixin.parseBlockBody (C:\Users\playz\cy\node_modules\@babel\parser\lib\index.js:13385:10)
    at TypeScriptParserMixin.parseBlock (C:\Users\playz\cy\node_modules\@babel\parser\lib\index.js:13373:10)
    at TypeScriptParserMixin.parseFunctionBody (C:\Users\playz\cy\node_modules\@babel\parser\lib\index.js:12174:24)
    at TypeScriptParserMixin.parseArrowExpression (C:\Users\playz\cy\node_modules\@babel\parser\lib\index.js:12149:10)
    at TypeScriptParserMixin.parseParenAndDistinguishExpression (C:\Users\playz\cy\node_modules\@babel\parser\lib\index.js:11759:12)
    at TypeScriptParserMixin.parseExprAtom (C:\Users\playz\cy\node_modules\@babel\parser\lib\index.js:11395:23)
    at TypeScriptParserMixin.parseExprAtom (C:\Users\playz\cy\node_modules\@babel\parser\lib\index.js:4793:20)
    at TypeScriptParserMixin.parseExprSubscripts (C:\Users\playz\cy\node_modules\@babel\parser\lib\index.js:11145:23)

[1m[31mERROR[39m[22m in [1m[eslint] 
src\pages\estimate\EstimatePage.tsx
  Line 322:26:  Parsing [1m[31merror[39m[22m[1m: Expected corresponding JSX closing tag for 'div'

[39m[22m

webpack compiled with [1m[31m2 errors[39m[22m
Compiling...
Compiled successfully!
webpack compiled [1m[32msuccessfully[39m[22m
Compiling...
Compiled successfully!
webpack compiled [1m[32msuccessfully[39m[22m
Compiling...
Failed to compile.

[eslint] 
src\pages\estimate\EstimatePage.tsx
Syntax error: Declaration or statement expected (387:8)
[1m[31mERROR[39m[22m in [1m./src/pages/estimate/EstimatePage.tsx[39m[22m
Module build failed (from ./node_modules/babel-loader/lib/index.js):
SyntaxError: C:\Users\playz\cy\src\pages\estimate\EstimatePage.tsx: Unexpected token (387:8)

[0m [90m 385 |[39m         )[33m;[39m
 [90m 386 |[39m     }[33m;[39m
[31m[1m>[22m[39m[90m 387 |[39m         )[33m;[39m
 [90m     |[39m         [31m[1m^[22m[39m
 [90m 388 |[39m     }[33m;[39m
 [90m 389 |[39m
 [90m 390 |[39m     [90m// ─── 금액 요약 바 ──────────────────────────────────────────────────────────[39m[0m
    at constructor (C:\Users\playz\cy\node_modules\@babel\parser\lib\index.js:367:19)
    at TypeScriptParserMixin.raise (C:\Users\playz\cy\node_modules\@babel\parser\lib\index.js:6624:19)
    at TypeScriptParserMixin.unexpected (C:\Users\playz\cy\node_modules\@babel\parser\lib\index.js:6644:16)
    at TypeScriptParserMixin.parseExprAtom (C:\Users\playz\cy\node_modules\@babel\parser\lib\index.js:11508:22)
    at TypeScriptParserMixin.parseExprAtom (C:\Users\playz\cy\node_modules\@babel\parser\lib\index.js:4793:20)
    at TypeScriptParserMixin.parseExprSubscripts (C:\Users\playz\cy\node_modules\@babel\parser\lib\index.js:11145:23)
    at TypeScriptParserMixin.parseUpdate (C:\Users\playz\cy\node_modules\@babel\parser\lib\index.js:11130:21)
    at TypeScriptParserMixin.parseMaybeUnary (C:\Users\playz\cy\node_modules\@babel\parser\lib\index.js:11110:23)
    at TypeScriptParserMixin.parseMaybeUnary (C:\Users\playz\cy\node_modules\@babel\parser\lib\index.js:9890:18)
    at TypeScriptParserMixin.parseMaybeUnaryOrPrivate (C:\Users\playz\cy\node_modules\@babel\parser\lib\index.js:10963:61)
    at TypeScriptParserMixin.parseExprOps (C:\Users\playz\cy\node_modules\@babel\parser\lib\index.js:10968:23)
    at TypeScriptParserMixin.parseMaybeConditional (C:\Users\playz\cy\node_modules\@babel\parser\lib\index.js:10945:23)
    at TypeScriptParserMixin.parseMaybeAssign (C:\Users\playz\cy\node_modules\@babel\parser\lib\index.js:10895:21)
    at TypeScriptParserMixin.parseMaybeAssign (C:\Users\playz\cy\node_modules\@babel\parser\lib\index.js:9839:20)
    at TypeScriptParserMixin.parseExpressionBase (C:\Users\playz\cy\node_modules\@babel\parser\lib\index.js:10848:23)
    at C:\Users\playz\cy\node_modules\@babel\parser\lib\index.js:10844:39
    at TypeScriptParserMixin.allowInAnd (C:\Users\playz\cy\node_modules\@babel\parser\lib\index.js:12495:16)
    at TypeScriptParserMixin.parseExpression (C:\Users\playz\cy\node_modules\@babel\parser\lib\index.js:10844:17)
    at TypeScriptParserMixin.parseStatementContent (C:\Users\playz\cy\node_modules\@babel\parser\lib\index.js:12971:23)
    at TypeScriptParserMixin.parseStatementContent (C:\Users\playz\cy\node_modules\@babel\parser\lib\index.js:9569:18)
    at TypeScriptParserMixin.parseStatementLike (C:\Users\playz\cy\node_modules\@babel\parser\lib\index.js:12843:17)
    at TypeScriptParserMixin.parseStatementListItem (C:\Users\playz\cy\node_modules\@babel\parser\lib\index.js:12823:17)
    at TypeScriptParserMixin.parseBlockOrModuleBlockBody (C:\Users\playz\cy\node_modules\@babel\parser\lib\index.js:13392:61)
    at TypeScriptParserMixin.parseBlockBody (C:\Users\playz\cy\node_modules\@babel\parser\lib\index.js:13385:10)
    at TypeScriptParserMixin.parseBlock (C:\Users\playz\cy\node_modules\@babel\parser\lib\index.js:13373:10)
    at TypeScriptParserMixin.parseFunctionBody (C:\Users\playz\cy\node_modules\@babel\parser\lib\index.js:12174:24)
    at TypeScriptParserMixin.parseArrowExpression (C:\Users\playz\cy\node_modules\@babel\parser\lib\index.js:12149:10)
    at TypeScriptParserMixin.parseParenAndDistinguishExpression (C:\Users\playz\cy\node_modules\@babel\parser\lib\index.js:11759:12)
    at TypeScriptParserMixin.parseExprAtom (C:\Users\playz\cy\node_modules\@babel\parser\lib\index.js:11395:23)
    at TypeScriptParserMixin.parseExprAtom (C:\Users\playz\cy\node_modules\@babel\parser\lib\index.js:4793:20)
    at TypeScriptParserMixin.parseExprSubscripts (C:\Users\playz\cy\node_modules\@babel\parser\lib\index.js:11145:23)
    at TypeScriptParserMixin.parseUpdate (C:\Users\playz\cy\node_modules\@babel\parser\lib\index.js:11130:21)
    at TypeScriptParserMixin.parseMaybeUnary (C:\Users\playz\cy\node_modules\@babel\parser\lib\index.js:11110:23)
    at TypeScriptParserMixin.parseMaybeUnary (C:\Users\playz\cy\node_modules\@babel\parser\lib\index.js:9890:18)
    at TypeScriptParserMixin.parseMaybeUnaryOrPrivate (C:\Users\playz\cy\node_modules\@babel\parser\lib\index.js:10963:61)
    at TypeScriptParserMixin.parseExprOps (C:\Users\playz\cy\node_modules\@babel\parser\lib\index.js:10968:23)
    at TypeScriptParserMixin.parseMaybeConditional (C:\Users\playz\cy\node_modules\@babel\parser\lib\index.js:10945:23)
    at TypeScriptParserMixin.parseMaybeAssign (C:\Users\playz\cy\node_modules\@babel\parser\lib\index.js:10895:21)
    at TypeScriptParserMixin.parseMaybeAssign (C:\Users\playz\cy\node_modules\@babel\parser\lib\index.js:9839:20)
    at C:\Users\playz\cy\node_modules\@babel\parser\lib\index.js:10864:39
    at TypeScriptParserMixin.allowInAnd (C:\Users\playz\cy\node_modules\@babel\parser\lib\index.js:12495:16)
    at TypeScriptParserMixin.parseMaybeAssignAllowIn (C:\Users\playz\cy\node_modules\@babel\parser\lib\index.js:10864:17)
    at TypeScriptParserMixin.parseVar (C:\Users\playz\cy\node_modules\@babel\parser\lib\index.js:13460:91)
    at TypeScriptParserMixin.parseVarStatement (C:\Users\playz\cy\node_modules\@babel\parser\lib\index.js:13306:10)
    at TypeScriptParserMixin.parseVarStatement (C:\Users\playz\cy\node_modules\@babel\parser\lib\index.js:9469:31)
    at TypeScriptParserMixin.parseStatementContent (C:\Users\playz\cy\node_modules\@babel\parser\lib\index.js:12927:23)
    at TypeScriptParserMixin.parseStatementContent (C:\Users\playz\cy\node_modules\@babel\parser\lib\index.js:9569:18)
    at TypeScriptParserMixin.parseStatementLike (C:\Users\playz\cy\node_modules\@babel\parser\lib\index.js:12843:17)
    at TypeScriptParserMixin.parseModuleItem (C:\Users\playz\cy\node_modules\@babel\parser\lib\index.js:12820:17)
    at TypeScriptParserMixin.parseBlockOrModuleBlockBody (C:\Users\playz\cy\node_modules\@babel\parser\lib\index.js:13392:36)

[1m[31mERROR[39m[22m in [1m[eslint] 
src\pages\estimate\EstimatePage.tsx
  Line 387:8:  Parsing [1m[31merror[39m[22m[1m: Declaration or statement expected

[39m[22m

webpack compiled with [1m[31m2 errors[39m[22m
Compiling...
Compiled successfully!
webpack compiled [1m[32msuccessfully[39m[22m
Compiling...
Compiled successfully!
webpack compiled [1m[32msuccessfully[39m[22m
No issues found.
Compiling...
Compiled successfully!
webpack compiled [1m[32msuccessfully[39m[22m
Compiling...
Failed to compile.

[eslint] 
src\pages\estimate\EstimatePage.tsx
Syntax error: Declaration or statement expected (866:undefined)
[1m[31mERROR[39m[22m in [1m./src/pages/estimate/EstimatePage.tsx[39m[22m
Module build failed (from ./node_modules/babel-loader/lib/index.js):
SyntaxError: C:\Users\playz\cy\src\pages\estimate\EstimatePage.tsx: 'return' outside of function. (763:4)

[0m [90m 761 |[39m }[33m;[39m
 [90m 762 |[39m
[31m[1m>[22m[39m[90m 763 |[39m     [36mreturn[39m (
 [90m     |[39m     [31m[1m^[22m[39m
 [90m 764 |[39m         [33m<[39m[33mdiv[39m className[33m=[39m[32m"flex h-full min-h-0 flex-col bg-slate-100 font-sans text-slate-900 print:bg-white print:block print:h-auto print:overflow-visible"[39m[33m>[39m
 [90m 765 |[39m             [33m<[39m[33mheader[39m className[33m=[39m[32m"flex flex-none items-center justify-between border-b bg-white px-6 py-3 shadow-sm z-20 print:hidden"[39m[33m>[39m
 [90m 766 |[39m                 [33m<[39m[33mdiv[39m className[33m=[39m[32m"flex items-center gap-3"[39m[33m>[39m[0m
    at constructor (C:\Users\playz\cy\node_modules\@babel\parser\lib\index.js:367:19)
    at TypeScriptParserMixin.raise (C:\Users\playz\cy\node_modules\@babel\parser\lib\index.js:6624:19)
    at TypeScriptParserMixin.parseReturnStatement (C:\Users\playz\cy\node_modules\@babel\parser\lib\index.js:13212:12)
    at TypeScriptParserMixin.parseStatementContent (C:\Users\playz\cy\node_modules\@babel\parser\lib\index.js:12874:21)
    at TypeScriptParserMixin.parseStatementContent (C:\Users\playz\cy\node_modules\@babel\parser\lib\index.js:9569:18)
    at TypeScriptParserMixin.parseStatementLike (C:\Users\playz\cy\node_modules\@babel\parser\lib\index.js:12843:17)
    at TypeScriptParserMixin.parseModuleItem (C:\Users\playz\cy\node_modules\@babel\parser\lib\index.js:12820:17)
    at TypeScriptParserMixin.parseBlockOrModuleBlockBody (C:\Users\playz\cy\node_modules\@babel\parser\lib\index.js:13392:36)
    at TypeScriptParserMixin.parseBlockBody (C:\Users\playz\cy\node_modules\@babel\parser\lib\index.js:13385:10)
    at TypeScriptParserMixin.parseProgram (C:\Users\playz\cy\node_modules\@babel\parser\lib\index.js:12698:10)
    at TypeScriptParserMixin.parseTopLevel (C:\Users\playz\cy\node_modules\@babel\parser\lib\index.js:12688:25)
    at TypeScriptParserMixin.parse (C:\Users\playz\cy\node_modules\@babel\parser\lib\index.js:14568:25)
    at TypeScriptParserMixin.parse (C:\Users\playz\cy\node_modules\@babel\parser\lib\index.js:10183:18)
    at parse (C:\Users\playz\cy\node_modules\@babel\parser\lib\index.js:14602:38)
    at parser (C:\Users\playz\cy\node_modules\@babel\core\lib\parser\index.js:41:34)
    at parser.next (<anonymous>)
    at normalizeFile (C:\Users\playz\cy\node_modules\@babel\core\lib\transformation\normalize-file.js:64:37)
    at normalizeFile.next (<anonymous>)
    at run (C:\Users\playz\cy\node_modules\@babel\core\lib\transformation\index.js:22:50)
    at run.next (<anonymous>)
    at transform (C:\Users\playz\cy\node_modules\@babel\core\lib\transform.js:22:33)
    at transform.next (<anonymous>)
    at step (C:\Users\playz\cy\node_modules\gensync\index.js:261:32)
    at C:\Users\playz\cy\node_modules\gensync\index.js:273:13
    at async.call.result.err.err (C:\Users\playz\cy\node_modules\gensync\index.js:223:11)

[1m[31mERROR[39m[22m in [1m[eslint] 
src\pages\estimate\EstimatePage.tsx
  Line 866:  Parsing [1m[31merror[39m[22m[1m: Declaration or statement expected

[39m[22m

webpack compiled with [1m[31m2 errors[39m[22m
Compiling...
Compiled successfully!
webpack compiled [1m[32msuccessfully[39m[22m
No issues found.
Compiling...
Failed to compile.

SyntaxError: C:\Users\playz\cy\src\pages\admin\menu\AdvancedMenuManager.tsx: Identifier 'handleDeleteItem' has already been declared. (394:10)
[0m [90m 392 |[39m     }[33m;[39m
 [90m 393 |[39m
[31m[1m>[22m[39m[90m 394 |[39m     [36mconst[39m handleDeleteItem [33m=[39m (itemId[33m:[39m string) [33m=>[39m {
 [90m     |[39m           [31m[1m^[22m[39m
 [90m 395 |[39m         [36mif[39m ([33m![39mwindow[33m.[39mconfirm([32m'정말 삭제하시겠습니까? 휴지통으로 이동하지 않고 즉시 삭제됩니다.'[39m)) [36mreturn[39m[33m;[39m
 [90m 396 |[39m         [36mif[39m ([33m![39mmenuData) [36mreturn[39m[33m;[39m
 [90m 397 |[39m[0m
[1m[33mWARNING[39m[22m in [1m[eslint] 
src\pages\admin\menu\AdvancedMenuManager.tsx
  Line 394:11:  'handleDeleteItem' is already defined  @typescript-eslint/no-redeclare

[39m[22m

[1m[31mERROR[39m[22m in [1m./src/pages/admin/menu/AdvancedMenuManager.tsx[39m[22m
Module build failed (from ./node_modules/babel-loader/lib/index.js):
SyntaxError: C:\Users\playz\cy\src\pages\admin\menu\AdvancedMenuManager.tsx: Identifier 'handleDeleteItem' has already been declared. (394:10)

[0m [90m 392 |[39m     }[33m;[39m
 [90m 393 |[39m
[31m[1m>[22m[39m[90m 394 |[39m     [36mconst[39m handleDeleteItem [33m=[39m (itemId[33m:[39m string) [33m=>[39m {
 [90m     |[39m           [31m[1m^[22m[39m
 [90m 395 |[39m         [36mif[39m ([33m![39mwindow[33m.[39mconfirm([32m'정말 삭제하시겠습니까? 휴지통으로 이동하지 않고 즉시 삭제됩니다.'[39m)) [36mreturn[39m[33m;[39m
 [90m 396 |[39m         [36mif[39m ([33m![39mmenuData) [36mreturn[39m[33m;[39m
 [90m 397 |[39m[0m
    at constructor (C:\Users\playz\cy\node_modules\@babel\parser\lib\index.js:367:19)
    at TypeScriptParserMixin.raise (C:\Users\playz\cy\node_modules\@babel\parser\lib\index.js:6624:19)
    at TypeScriptScopeHandler.checkRedeclarationInScope (C:\Users\playz\cy\node_modules\@babel\parser\lib\index.js:1646:19)
    at TypeScriptScopeHandler.declareName (C:\Users\playz\cy\node_modules\@babel\parser\lib\index.js:1612:12)
    at TypeScriptScopeHandler.declareName (C:\Users\playz\cy\node_modules\@babel\parser\lib\index.js:4909:11)
    at TypeScriptParserMixin.declareNameFromIdentifier (C:\Users\playz\cy\node_modules\@babel\parser\lib\index.js:7594:16)
    at TypeScriptParserMixin.checkIdentifier (C:\Users\playz\cy\node_modules\@babel\parser\lib\index.js:7590:12)
    at TypeScriptParserMixin.checkLVal (C:\Users\playz\cy\node_modules\@babel\parser\lib\index.js:7527:12)
    at TypeScriptParserMixin.parseVarId (C:\Users\playz\cy\node_modules\@babel\parser\lib\index.js:13488:10)
    at TypeScriptParserMixin.parseVarId (C:\Users\playz\cy\node_modules\@babel\parser\lib\index.js:9805:11)
    at TypeScriptParserMixin.parseVar (C:\Users\playz\cy\node_modules\@babel\parser\lib\index.js:13459:12)
    at TypeScriptParserMixin.parseVarStatement (C:\Users\playz\cy\node_modules\@babel\parser\lib\index.js:13306:10)
    at TypeScriptParserMixin.parseVarStatement (C:\Users\playz\cy\node_modules\@babel\parser\lib\index.js:9469:31)
    at TypeScriptParserMixin.parseStatementContent (C:\Users\playz\cy\node_modules\@babel\parser\lib\index.js:12927:23)
    at TypeScriptParserMixin.parseStatementContent (C:\Users\playz\cy\node_modules\@babel\parser\lib\index.js:9569:18)
    at TypeScriptParserMixin.parseStatementLike (C:\Users\playz\cy\node_modules\@babel\parser\lib\index.js:12843:17)
    at TypeScriptParserMixin.parseStatementListItem (C:\Users\playz\cy\node_modules\@babel\parser\lib\index.js:12823:17)
    at TypeScriptParserMixin.parseBlockOrModuleBlockBody (C:\Users\playz\cy\node_modules\@babel\parser\lib\index.js:13392:61)
    at TypeScriptParserMixin.parseBlockBody (C:\Users\playz\cy\node_modules\@babel\parser\lib\index.js:13385:10)
    at TypeScriptParserMixin.parseBlock (C:\Users\playz\cy\node_modules\@babel\parser\lib\index.js:13373:10)
    at TypeScriptParserMixin.parseFunctionBody (C:\Users\playz\cy\node_modules\@babel\parser\lib\index.js:12174:24)
    at TypeScriptParserMixin.parseArrowExpression (C:\Users\playz\cy\node_modules\@babel\parser\lib\index.js:12149:10)
    at TypeScriptParserMixin.parseParenAndDistinguishExpression (C:\Users\playz\cy\node_modules\@babel\parser\lib\index.js:11759:12)
    at TypeScriptParserMixin.parseExprAtom (C:\Users\playz\cy\node_modules\@babel\parser\lib\index.js:11395:23)
    at TypeScriptParserMixin.parseExprAtom (C:\Users\playz\cy\node_modules\@babel\parser\lib\index.js:4793:20)
    at TypeScriptParserMixin.parseExprSubscripts (C:\Users\playz\cy\node_modules\@babel\parser\lib\index.js:11145:23)
    at TypeScriptParserMixin.parseUpdate (C:\Users\playz\cy\node_modules\@babel\parser\lib\index.js:11130:21)
    at TypeScriptParserMixin.parseMaybeUnary (C:\Users\playz\cy\node_modules\@babel\parser\lib\index.js:11110:23)
    at TypeScriptParserMixin.parseMaybeUnary (C:\Users\playz\cy\node_modules\@babel\parser\lib\index.js:9890:18)
    at TypeScriptParserMixin.parseMaybeUnaryOrPrivate (C:\Users\playz\cy\node_modules\@babel\parser\lib\index.js:10963:61)
    at TypeScriptParserMixin.parseExprOps (C:\Users\playz\cy\node_modules\@babel\parser\lib\index.js:10968:23)
    at TypeScriptParserMixin.parseMaybeConditional (C:\Users\playz\cy\node_modules\@babel\parser\lib\index.js:10945:23)
    at TypeScriptParserMixin.parseMaybeAssign (C:\Users\playz\cy\node_modules\@babel\parser\lib\index.js:10895:21)
    at TypeScriptParserMixin.parseMaybeAssign (C:\Users\playz\cy\node_modules\@babel\parser\lib\index.js:9839:20)
    at C:\Users\playz\cy\node_modules\@babel\parser\lib\index.js:10864:39
    at TypeScriptParserMixin.allowInAnd (C:\Users\playz\cy\node_modules\@babel\parser\lib\index.js:12495:16)
    at TypeScriptParserMixin.parseMaybeAssignAllowIn (C:\Users\playz\cy\node_modules\@babel\parser\lib\index.js:10864:17)
    at TypeScriptParserMixin.parseVar (C:\Users\playz\cy\node_modules\@babel\parser\lib\index.js:13460:91)
    at TypeScriptParserMixin.parseVarStatement (C:\Users\playz\cy\node_modules\@babel\parser\lib\index.js:13306:10)
    at TypeScriptParserMixin.parseVarStatement (C:\Users\playz\cy\node_modules\@babel\parser\lib\index.js:9469:31)
    at TypeScriptParserMixin.parseStatementContent (C:\Users\playz\cy\node_modules\@babel\parser\lib\index.js:12927:23)
    at TypeScriptParserMixin.parseStatementContent (C:\Users\playz\cy\node_modules\@babel\parser\lib\index.js:9569:18)
    at TypeScriptParserMixin.parseStatementLike (C:\Users\playz\cy\node_modules\@babel\parser\lib\index.js:12843:17)
    at TypeScriptParserMixin.parseModuleItem (C:\Users\playz\cy\node_modules\@babel\parser\lib\index.js:12820:17)
    at TypeScriptParserMixin.parseBlockOrModuleBlockBody (C:\Users\playz\cy\node_modules\@babel\parser\lib\index.js:13392:36)
    at TypeScriptParserMixin.parseBlockBody (C:\Users\playz\cy\node_modules\@babel\parser\lib\index.js:13385:10)
    at TypeScriptParserMixin.parseProgram (C:\Users\playz\cy\node_modules\@babel\parser\lib\index.js:12698:10)
    at TypeScriptParserMixin.parseTopLevel (C:\Users\playz\cy\node_modules\@babel\parser\lib\index.js:12688:25)
    at TypeScriptParserMixin.parse (C:\Users\playz\cy\node_modules\@babel\parser\lib\index.js:14568:25)
    at TypeScriptParserMixin.parse (C:\Users\playz\cy\node_modules\@babel\parser\lib\index.js:10183:18)

webpack compiled with [1m[31m1 error[39m[22m and [1m[33m1 warning[39m[22m
Compiling...
Failed to compile.

[eslint] 
src\pages\admin\menu\AdvancedMenuManager.tsx
Syntax error: Declaration or statement expected (692:undefined)
[1m[31mERROR[39m[22m in [1m./src/pages/admin/menu/AdvancedMenuManager.tsx[39m[22m
Module build failed (from ./node_modules/babel-loader/lib/index.js):
SyntaxError: C:\Users\playz\cy\src\pages\admin\menu\AdvancedMenuManager.tsx: 'return' outside of function. (527:19)

[0m [90m 525 |[39m     }[33m;[39m
 [90m 526 |[39m
[31m[1m>[22m[39m[90m 527 |[39m     [36mif[39m ([33m![39mmenuData) [36mreturn[39m (
 [90m     |[39m                    [31m[1m^[22m[39m
 [90m 528 |[39m         [33m<[39m[33mdiv[39m className[33m=[39m[32m"flex flex-col items-center justify-center h-screen bg-gray-900 text-white gap-4"[39m[33m>[39m
 [90m 529 |[39m             [33m<[39m[33mdiv[39m className[33m=[39m[32m"w-12 h-12 border-4 border-blue-500 border-t-transparent rounded-full animate-spin"[39m[33m>[39m[33m<[39m[33m/[39m[33mdiv[39m[33m>[39m
 [90m 530 |[39m             [33m<[39m[33mspan[39m className[33m=[39m[32m"text-lg font-medium text-gray-300"[39m[33m>[39m메뉴 시스템 로딩 중[33m...[39m[33m<[39m[33m/[39m[33mspan[39m[33m>[39m[0m
    at constructor (C:\Users\playz\cy\node_modules\@babel\parser\lib\index.js:367:19)
    at TypeScriptParserMixin.raise (C:\Users\playz\cy\node_modules\@babel\parser\lib\index.js:6624:19)
    at TypeScriptParserMixin.parseReturnStatement (C:\Users\playz\cy\node_modules\@babel\parser\lib\index.js:13212:12)
    at TypeScriptParserMixin.parseStatementContent (C:\Users\playz\cy\node_modules\@babel\parser\lib\index.js:12874:21)
    at TypeScriptParserMixin.parseStatementContent (C:\Users\playz\cy\node_modules\@babel\parser\lib\index.js:9569:18)
    at TypeScriptParserMixin.parseStatementLike (C:\Users\playz\cy\node_modules\@babel\parser\lib\index.js:12843:17)
    at TypeScriptParserMixin.parseStatementOrSloppyAnnexBFunctionDeclaration (C:\Users\playz\cy\node_modules\@babel\parser\lib\index.js:12833:17)
    at TypeScriptParserMixin.parseIfStatement (C:\Users\playz\cy\node_modules\@babel\parser\lib\index.js:13206:28)
    at TypeScriptParserMixin.parseStatementContent (C:\Users\playz\cy\node_modules\@babel\parser\lib\index.js:12872:21)
    at TypeScriptParserMixin.parseStatementContent (C:\Users\playz\cy\node_modules\@babel\parser\lib\index.js:9569:18)
    at TypeScriptParserMixin.parseStatementLike (C:\Users\playz\cy\node_modules\@babel\parser\lib\index.js:12843:17)
    at TypeScriptParserMixin.parseModuleItem (C:\Users\playz\cy\node_modules\@babel\parser\lib\index.js:12820:17)
    at TypeScriptParserMixin.parseBlockOrModuleBlockBody (C:\Users\playz\cy\node_modules\@babel\parser\lib\index.js:13392:36)
    at TypeScriptParserMixin.parseBlockBody (C:\Users\playz\cy\node_modules\@babel\parser\lib\index.js:13385:10)
    at TypeScriptParserMixin.parseProgram (C:\Users\playz\cy\node_modules\@babel\parser\lib\index.js:12698:10)
    at TypeScriptParserMixin.parseTopLevel (C:\Users\playz\cy\node_modules\@babel\parser\lib\index.js:12688:25)
    at TypeScriptParserMixin.parse (C:\Users\playz\cy\node_modules\@babel\parser\lib\index.js:14568:25)
    at TypeScriptParserMixin.parse (C:\Users\playz\cy\node_modules\@babel\parser\lib\index.js:10183:18)
    at parse (C:\Users\playz\cy\node_modules\@babel\parser\lib\index.js:14602:38)
    at parser (C:\Users\playz\cy\node_modules\@babel\core\lib\parser\index.js:41:34)
    at parser.next (<anonymous>)
    at normalizeFile (C:\Users\playz\cy\node_modules\@babel\core\lib\transformation\normalize-file.js:64:37)
    at normalizeFile.next (<anonymous>)
    at run (C:\Users\playz\cy\node_modules\@babel\core\lib\transformation\index.js:22:50)
    at run.next (<anonymous>)
    at transform (C:\Users\playz\cy\node_modules\@babel\core\lib\transform.js:22:33)
    at transform.next (<anonymous>)
    at step (C:\Users\playz\cy\node_modules\gensync\index.js:261:32)
    at C:\Users\playz\cy\node_modules\gensync\index.js:273:13
    at async.call.result.err.err (C:\Users\playz\cy\node_modules\gensync\index.js:223:11)

[1m[31mERROR[39m[22m in [1m[eslint] 
src\pages\admin\menu\AdvancedMenuManager.tsx
  Line 692:  Parsing [1m[31merror[39m[22m[1m: Declaration or statement expected

[39m[22m

webpack compiled with [1m[31m2 errors[39m[22m
Compiling...
Failed to compile.

[eslint] 
src\pages\admin\menu\AdvancedMenuManager.tsx
Syntax error: Declaration or statement expected (692:undefined)
[1m[31mERROR[39m[22m in [1m./src/pages/admin/menu/AdvancedMenuManager.tsx[39m[22m
Module build failed (from ./node_modules/babel-loader/lib/index.js):
SyntaxError: C:\Users\playz\cy\src\pages\admin\menu\AdvancedMenuManager.tsx: 'return' outside of function. (527:19)

[0m [90m 525 |[39m     }[33m;[39m
 [90m 526 |[39m
[31m[1m>[22m[39m[90m 527 |[39m     [36mif[39m ([33m![39mmenuData) [36mreturn[39m (
 [90m     |[39m                    [31m[1m^[22m[39m
 [90m 528 |[39m         [33m<[39m[33mdiv[39m className[33m=[39m[32m"flex flex-col items-center justify-center h-screen bg-gray-900 text-white gap-4"[39m[33m>[39m
 [90m 529 |[39m             [33m<[39m[33mdiv[39m className[33m=[39m[32m"w-12 h-12 border-4 border-blue-500 border-t-transparent rounded-full animate-spin"[39m[33m>[39m[33m<[39m[33m/[39m[33mdiv[39m[33m>[39m
 [90m 530 |[39m             [33m<[39m[33mspan[39m className[33m=[39m[32m"text-lg font-medium text-gray-300"[39m[33m>[39m메뉴 시스템 로딩 중[33m...[39m[33m<[39m[33m/[39m[33mspan[39m[33m>[39m[0m
    at constructor (C:\Users\playz\cy\node_modules\@babel\parser\lib\index.js:367:19)
    at TypeScriptParserMixin.raise (C:\Users\playz\cy\node_modules\@babel\parser\lib\index.js:6624:19)
    at TypeScriptParserMixin.parseReturnStatement (C:\Users\playz\cy\node_modules\@babel\parser\lib\index.js:13212:12)
    at TypeScriptParserMixin.parseStatementContent (C:\Users\playz\cy\node_modules\@babel\parser\lib\index.js:12874:21)
    at TypeScriptParserMixin.parseStatementContent (C:\Users\playz\cy\node_modules\@babel\parser\lib\index.js:9569:18)
    at TypeScriptParserMixin.parseStatementLike (C:\Users\playz\cy\node_modules\@babel\parser\lib\index.js:12843:17)
    at TypeScriptParserMixin.parseStatementOrSloppyAnnexBFunctionDeclaration (C:\Users\playz\cy\node_modules\@babel\parser\lib\index.js:12833:17)
    at TypeScriptParserMixin.parseIfStatement (C:\Users\playz\cy\node_modules\@babel\parser\lib\index.js:13206:28)
    at TypeScriptParserMixin.parseStatementContent (C:\Users\playz\cy\node_modules\@babel\parser\lib\index.js:12872:21)
    at TypeScriptParserMixin.parseStatementContent (C:\Users\playz\cy\node_modules\@babel\parser\lib\index.js:9569:18)
    at TypeScriptParserMixin.parseStatementLike (C:\Users\playz\cy\node_modules\@babel\parser\lib\index.js:12843:17)
    at TypeScriptParserMixin.parseModuleItem (C:\Users\playz\cy\node_modules\@babel\parser\lib\index.js:12820:17)
    at TypeScriptParserMixin.parseBlockOrModuleBlockBody (C:\Users\playz\cy\node_modules\@babel\parser\lib\index.js:13392:36)
    at TypeScriptParserMixin.parseBlockBody (C:\Users\playz\cy\node_modules\@babel\parser\lib\index.js:13385:10)
    at TypeScriptParserMixin.parseProgram (C:\Users\playz\cy\node_modules\@babel\parser\lib\index.js:12698:10)
    at TypeScriptParserMixin.parseTopLevel (C:\Users\playz\cy\node_modules\@babel\parser\lib\index.js:12688:25)
    at TypeScriptParserMixin.parse (C:\Users\playz\cy\node_modules\@babel\parser\lib\index.js:14568:25)
    at TypeScriptParserMixin.parse (C:\Users\playz\cy\node_modules\@babel\parser\lib\index.js:10183:18)
    at parse (C:\Users\playz\cy\node_modules\@babel\parser\lib\index.js:14602:38)
    at parser (C:\Users\playz\cy\node_modules\@babel\core\lib\parser\index.js:41:34)
    at parser.next (<anonymous>)
    at normalizeFile (C:\Users\playz\cy\node_modules\@babel\core\lib\transformation\normalize-file.js:64:37)
    at normalizeFile.next (<anonymous>)
    at run (C:\Users\playz\cy\node_modules\@babel\core\lib\transformation\index.js:22:50)
    at run.next (<anonymous>)
    at transform (C:\Users\playz\cy\node_modules\@babel\core\lib\transform.js:22:33)
    at transform.next (<anonymous>)
    at step (C:\Users\playz\cy\node_modules\gensync\index.js:261:32)
    at C:\Users\playz\cy\node_modules\gensync\index.js:273:13
    at async.call.result.err.err (C:\Users\playz\cy\node_modules\gensync\index.js:223:11)

[1m[31mERROR[39m[22m in [1m[eslint] 
src\pages\admin\menu\AdvancedMenuManager.tsx
  Line 692:  Parsing [1m[31merror[39m[22m[1m: Declaration or statement expected

[39m[22m

webpack compiled with [1m[31m2 errors[39m[22m
Compiling...
Compiled successfully!
webpack compiled [1m[32msuccessfully[39m[22m
No issues found.
Compiling...
Compiled successfully!
webpack compiled [1m[32msuccessfully[39m[22m
No issues found.
Compiling...
Compiled successfully!
webpack compiled [1m[32msuccessfully[39m[22m
Compiling...
Compiled successfully!
webpack compiled [1m[32msuccessfully[39m[22m
Compiling...
Compiled successfully!
webpack compiled [1m[32msuccessfully[39m[22m
Compiling...
Failed to compile.

[eslint] 
src\pages\estimate\EstimatePage.tsx
Syntax error: Expected corresponding JSX closing tag for 'aside' (710:38)
[1m[31mERROR[39m[22m in [1m./src/pages/estimate/EstimatePage.tsx[39m[22m
Module build failed (from ./node_modules/babel-loader/lib/index.js):
SyntaxError: C:\Users\playz\cy\src\pages\estimate\EstimatePage.tsx: Expected corresponding JSX closing tag for <aside>. (710:36)

[0m [90m 708 |[39m                                             [33m<[39m[33m/[39m[33mbutton[39m[33m>[39m
 [90m 709 |[39m                                         [33m<[39m[33m/[39m[33mdiv[39m[33m>[39m
[31m[1m>[22m[39m[90m 710 |[39m                                     [33m<[39m[33m/[39m[33mli[39m[33m>[39m
 [90m     |[39m                                     [31m[1m^[22m[39m
 [90m 711 |[39m                                 ))}
 [90m 712 |[39m                             [33m<[39m[33m/[39m[33mul[39m[33m>[39m
 [90m 713 |[39m                         )}[0m
    at constructor (C:\Users\playz\cy\node_modules\@babel\parser\lib\index.js:367:19)
    at TypeScriptParserMixin.raise (C:\Users\playz\cy\node_modules\@babel\parser\lib\index.js:6624:19)
    at TypeScriptParserMixin.jsxParseElementAt (C:\Users\playz\cy\node_modules\@babel\parser\lib\index.js:4756:16)
    at TypeScriptParserMixin.jsxParseElementAt (C:\Users\playz\cy\node_modules\@babel\parser\lib\index.js:4727:32)
    at TypeScriptParserMixin.jsxParseElementAt (C:\Users\playz\cy\node_modules\@babel\parser\lib\index.js:4727:32)
    at TypeScriptParserMixin.jsxParseElement (C:\Users\playz\cy\node_modules\@babel\parser\lib\index.js:4778:17)
    at TypeScriptParserMixin.parseExprAtom (C:\Users\playz\cy\node_modules\@babel\parser\lib\index.js:4788:19)
    at TypeScriptParserMixin.parseExprSubscripts (C:\Users\playz\cy\node_modules\@babel\parser\lib\index.js:11145:23)
    at TypeScriptParserMixin.parseUpdate (C:\Users\playz\cy\node_modules\@babel\parser\lib\index.js:11130:21)
    at TypeScriptParserMixin.parseMaybeUnary (C:\Users\playz\cy\node_modules\@babel\parser\lib\index.js:11110:23)
    at TypeScriptParserMixin.parseMaybeUnary (C:\Users\playz\cy\node_modules\@babel\parser\lib\index.js:9890:18)
    at TypeScriptParserMixin.parseMaybeUnaryOrPrivate (C:\Users\playz\cy\node_modules\@babel\parser\lib\index.js:10963:61)
    at TypeScriptParserMixin.parseExprOps (C:\Users\playz\cy\node_modules\@babel\parser\lib\index.js:10968:23)
    at TypeScriptParserMixin.parseMaybeConditional (C:\Users\playz\cy\node_modules\@babel\parser\lib\index.js:10945:23)
    at TypeScriptParserMixin.parseMaybeAssign (C:\Users\playz\cy\node_modules\@babel\parser\lib\index.js:10895:21)
    at C:\Users\playz\cy\node_modules\@babel\parser\lib\index.js:9828:39
    at TypeScriptParserMixin.tryParse (C:\Users\playz\cy\node_modules\@babel\parser\lib\index.js:6932:20)
    at TypeScriptParserMixin.parseMaybeAssign (C:\Users\playz\cy\node_modules\@babel\parser\lib\index.js:9828:18)
    at C:\Users\playz\cy\node_modules\@babel\parser\lib\index.js:10864:39
    at TypeScriptParserMixin.allowInAnd (C:\Users\playz\cy\node_modules\@babel\parser\lib\index.js:12500:12)
    at TypeScriptParserMixin.parseMaybeAssignAllowIn (C:\Users\playz\cy\node_modules\@babel\parser\lib\index.js:10864:17)
    at TypeScriptParserMixin.parseMaybeAssignAllowInOrVoidPattern (C:\Users\playz\cy\node_modules\@babel\parser\lib\index.js:12567:17)
    at TypeScriptParserMixin.parseParenAndDistinguishExpression (C:\Users\playz\cy\node_modules\@babel\parser\lib\index.js:11747:28)
    at TypeScriptParserMixin.parseExprAtom (C:\Users\playz\cy\node_modules\@babel\parser\lib\index.js:11395:23)
    at TypeScriptParserMixin.parseExprAtom (C:\Users\playz\cy\node_modules\@babel\parser\lib\index.js:4793:20)
    at TypeScriptParserMixin.parseExprSubscripts (C:\Users\playz\cy\node_modules\@babel\parser\lib\index.js:11145:23)
    at TypeScriptParserMixin.parseUpdate (C:\Users\playz\cy\node_modules\@babel\parser\lib\index.js:11130:21)
    at TypeScriptParserMixin.parseMaybeUnary (C:\Users\playz\cy\node_modules\@babel\parser\lib\index.js:11110:23)
    at TypeScriptParserMixin.parseMaybeUnary (C:\Users\playz\cy\node_modules\@babel\parser\lib\index.js:9890:18)
    at TypeScriptParserMixin.parseMaybeUnaryOrPrivate (C:\Users\playz\cy\node_modules\@babel\parser\lib\index.js:10963:61)
    at TypeScriptParserMixin.parseExprOps (C:\Users\playz\cy\node_modules\@babel\parser\lib\index.js:10968:23)
    at TypeScriptParserMixin.parseMaybeConditional (C:\Users\playz\cy\node_modules\@babel\parser\lib\index.js:10945:23)
    at TypeScriptParserMixin.parseMaybeAssign (C:\Users\playz\cy\node_modules\@babel\parser\lib\index.js:10895:21)
    at TypeScriptParserMixin.parseMaybeAssign (C:\Users\playz\cy\node_modules\@babel\parser\lib\index.js:9839:20)
    at TypeScriptParserMixin.parseExpressionBase (C:\Users\playz\cy\node_modules\@babel\parser\lib\index.js:10848:23)
    at C:\Users\playz\cy\node_modules\@babel\parser\lib\index.js:10844:39
    at TypeScriptParserMixin.allowInAnd (C:\Users\playz\cy\node_modules\@babel\parser\lib\index.js:12495:16)
    at TypeScriptParserMixin.parseExpression (C:\Users\playz\cy\node_modules\@babel\parser\lib\index.js:10844:17)
    at TypeScriptParserMixin.parseReturnStatement (C:\Users\playz\cy\node_modules\@babel\parser\lib\index.js:13218:28)
    at TypeScriptParserMixin.parseStatementContent (C:\Users\playz\cy\node_modules\@babel\parser\lib\index.js:12874:21)
    at TypeScriptParserMixin.parseStatementContent (C:\Users\playz\cy\node_modules\@babel\parser\lib\index.js:9569:18)
    at TypeScriptParserMixin.parseStatementLike (C:\Users\playz\cy\node_modules\@babel\parser\lib\index.js:12843:17)
    at TypeScriptParserMixin.parseStatementListItem (C:\Users\playz\cy\node_modules\@babel\parser\lib\index.js:12823:17)
    at TypeScriptParserMixin.parseBlockOrModuleBlockBody (C:\Users\playz\cy\node_modules\@babel\parser\lib\index.js:13392:61)
    at TypeScriptParserMixin.parseBlockBody (C:\Users\playz\cy\node_modules\@babel\parser\lib\index.js:13385:10)
    at TypeScriptParserMixin.parseBlock (C:\Users\playz\cy\node_modules\@babel\parser\lib\index.js:13373:10)
    at TypeScriptParserMixin.parseFunctionBody (C:\Users\playz\cy\node_modules\@babel\parser\lib\index.js:12174:24)
    at TypeScriptParserMixin.parseArrowExpression (C:\Users\playz\cy\node_modules\@babel\parser\lib\index.js:12149:10)
    at TypeScriptParserMixin.parseParenAndDistinguishExpression (C:\Users\playz\cy\node_modules\@babel\parser\lib\index.js:11759:12)
    at TypeScriptParserMixin.parseExprAtom (C:\Users\playz\cy\node_modules\@babel\parser\lib\index.js:11395:23)

[1m[31mERROR[39m[22m in [1m[eslint] 
src\pages\estimate\EstimatePage.tsx
  Line 710:38:  Parsing [1m[31merror[39m[22m[1m: Expected corresponding JSX closing tag for 'aside'

[39m[22m

webpack compiled with [1m[31m2 errors[39m[22m
Compiling...
Failed to compile.

[eslint] 
src\pages\estimate\EstimatePage.tsx
Syntax error: Expected corresponding JSX closing tag for 'aside' (731:38)
[1m[31mERROR[39m[22m in [1m./src/pages/estimate/EstimatePage.tsx[39m[22m
Module build failed (from ./node_modules/babel-loader/lib/index.js):
SyntaxError: C:\Users\playz\cy\src\pages\estimate\EstimatePage.tsx: Expected corresponding JSX closing tag for <aside>. (731:36)

[0m [90m 729 |[39m                                             [33m<[39m[33m/[39m[33mbutton[39m[33m>[39m
 [90m 730 |[39m                                         [33m<[39m[33m/[39m[33mdiv[39m[33m>[39m
[31m[1m>[22m[39m[90m 731 |[39m                                     [33m<[39m[33m/[39m[33mli[39m[33m>[39m
 [90m     |[39m                                     [31m[1m^[22m[39m
 [90m 732 |[39m                                 ))}
 [90m 733 |[39m                             [33m<[39m[33m/[39m[33mul[39m[33m>[39m
 [90m 734 |[39m                         )}[0m
    at constructor (C:\Users\playz\cy\node_modules\@babel\parser\lib\index.js:367:19)
    at TypeScriptParserMixin.raise (C:\Users\playz\cy\node_modules\@babel\parser\lib\index.js:6624:19)
    at TypeScriptParserMixin.jsxParseElementAt (C:\Users\playz\cy\node_modules\@babel\parser\lib\index.js:4756:16)
    at TypeScriptParserMixin.jsxParseElementAt (C:\Users\playz\cy\node_modules\@babel\parser\lib\index.js:4727:32)
    at TypeScriptParserMixin.jsxParseElementAt (C:\Users\playz\cy\node_modules\@babel\parser\lib\index.js:4727:32)
    at TypeScriptParserMixin.jsxParseElement (C:\Users\playz\cy\node_modules\@babel\parser\lib\index.js:4778:17)
    at TypeScriptParserMixin.parseExprAtom (C:\Users\playz\cy\node_modules\@babel\parser\lib\index.js:4788:19)
    at TypeScriptParserMixin.parseExprSubscripts (C:\Users\playz\cy\node_modules\@babel\parser\lib\index.js:11145:23)
    at TypeScriptParserMixin.parseUpdate (C:\Users\playz\cy\node_modules\@babel\parser\lib\index.js:11130:21)
    at TypeScriptParserMixin.parseMaybeUnary (C:\Users\playz\cy\node_modules\@babel\parser\lib\index.js:11110:23)
    at TypeScriptParserMixin.parseMaybeUnary (C:\Users\playz\cy\node_modules\@babel\parser\lib\index.js:9890:18)
    at TypeScriptParserMixin.parseMaybeUnaryOrPrivate (C:\Users\playz\cy\node_modules\@babel\parser\lib\index.js:10963:61)
    at TypeScriptParserMixin.parseExprOps (C:\Users\playz\cy\node_modules\@babel\parser\lib\index.js:10968:23)
    at TypeScriptParserMixin.parseMaybeConditional (C:\Users\playz\cy\node_modules\@babel\parser\lib\index.js:10945:23)
    at TypeScriptParserMixin.parseMaybeAssign (C:\Users\playz\cy\node_modules\@babel\parser\lib\index.js:10895:21)
    at C:\Users\playz\cy\node_modules\@babel\parser\lib\index.js:9828:39
    at TypeScriptParserMixin.tryParse (C:\Users\playz\cy\node_modules\@babel\parser\lib\index.js:6932:20)
    at TypeScriptParserMixin.parseMaybeAssign (C:\Users\playz\cy\node_modules\@babel\parser\lib\index.js:9828:18)
    at C:\Users\playz\cy\node_modules\@babel\parser\lib\index.js:10864:39
    at TypeScriptParserMixin.allowInAnd (C:\Users\playz\cy\node_modules\@babel\parser\lib\index.js:12500:12)
    at TypeScriptParserMixin.parseMaybeAssignAllowIn (C:\Users\playz\cy\node_modules\@babel\parser\lib\index.js:10864:17)
    at TypeScriptParserMixin.parseMaybeAssignAllowInOrVoidPattern (C:\Users\playz\cy\node_modules\@babel\parser\lib\index.js:12567:17)
    at TypeScriptParserMixin.parseParenAndDistinguishExpression (C:\Users\playz\cy\node_modules\@babel\parser\lib\index.js:11747:28)
    at TypeScriptParserMixin.parseExprAtom (C:\Users\playz\cy\node_modules\@babel\parser\lib\index.js:11395:23)
    at TypeScriptParserMixin.parseExprAtom (C:\Users\playz\cy\node_modules\@babel\parser\lib\index.js:4793:20)
    at TypeScriptParserMixin.parseExprSubscripts (C:\Users\playz\cy\node_modules\@babel\parser\lib\index.js:11145:23)
    at TypeScriptParserMixin.parseUpdate (C:\Users\playz\cy\node_modules\@babel\parser\lib\index.js:11130:21)
    at TypeScriptParserMixin.parseMaybeUnary (C:\Users\playz\cy\node_modules\@babel\parser\lib\index.js:11110:23)
    at TypeScriptParserMixin.parseMaybeUnary (C:\Users\playz\cy\node_modules\@babel\parser\lib\index.js:9890:18)
    at TypeScriptParserMixin.parseMaybeUnaryOrPrivate (C:\Users\playz\cy\node_modules\@babel\parser\lib\index.js:10963:61)
    at TypeScriptParserMixin.parseExprOps (C:\Users\playz\cy\node_modules\@babel\parser\lib\index.js:10968:23)
    at TypeScriptParserMixin.parseMaybeConditional (C:\Users\playz\cy\node_modules\@babel\parser\lib\index.js:10945:23)
    at TypeScriptParserMixin.parseMaybeAssign (C:\Users\playz\cy\node_modules\@babel\parser\lib\index.js:10895:21)
    at TypeScriptParserMixin.parseMaybeAssign (C:\Users\playz\cy\node_modules\@babel\parser\lib\index.js:9839:20)
    at TypeScriptParserMixin.parseExpressionBase (C:\Users\playz\cy\node_modules\@babel\parser\lib\index.js:10848:23)
    at C:\Users\playz\cy\node_modules\@babel\parser\lib\index.js:10844:39
    at TypeScriptParserMixin.allowInAnd (C:\Users\playz\cy\node_modules\@babel\parser\lib\index.js:12495:16)
    at TypeScriptParserMixin.parseExpression (C:\Users\playz\cy\node_modules\@babel\parser\lib\index.js:10844:17)
    at TypeScriptParserMixin.parseReturnStatement (C:\Users\playz\cy\node_modules\@babel\parser\lib\index.js:13218:28)
    at TypeScriptParserMixin.parseStatementContent (C:\Users\playz\cy\node_modules\@babel\parser\lib\index.js:12874:21)
    at TypeScriptParserMixin.parseStatementContent (C:\Users\playz\cy\node_modules\@babel\parser\lib\index.js:9569:18)
    at TypeScriptParserMixin.parseStatementLike (C:\Users\playz\cy\node_modules\@babel\parser\lib\index.js:12843:17)
    at TypeScriptParserMixin.parseStatementListItem (C:\Users\playz\cy\node_modules\@babel\parser\lib\index.js:12823:17)
    at TypeScriptParserMixin.parseBlockOrModuleBlockBody (C:\Users\playz\cy\node_modules\@babel\parser\lib\index.js:13392:61)
    at TypeScriptParserMixin.parseBlockBody (C:\Users\playz\cy\node_modules\@babel\parser\lib\index.js:13385:10)
    at TypeScriptParserMixin.parseBlock (C:\Users\playz\cy\node_modules\@babel\parser\lib\index.js:13373:10)
    at TypeScriptParserMixin.parseFunctionBody (C:\Users\playz\cy\node_modules\@babel\parser\lib\index.js:12174:24)
    at TypeScriptParserMixin.parseArrowExpression (C:\Users\playz\cy\node_modules\@babel\parser\lib\index.js:12149:10)
    at TypeScriptParserMixin.parseParenAndDistinguishExpression (C:\Users\playz\cy\node_modules\@babel\parser\lib\index.js:11759:12)
    at TypeScriptParserMixin.parseExprAtom (C:\Users\playz\cy\node_modules\@babel\parser\lib\index.js:11395:23)

[1m[31mERROR[39m[22m in [1m[eslint] 
src\pages\estimate\EstimatePage.tsx
  Line 731:38:  Parsing [1m[31merror[39m[22m[1m: Expected corresponding JSX closing tag for 'aside'

[39m[22m

webpack compiled with [1m[31m2 errors[39m[22m
Compiling...
Failed to compile.

[eslint] 
src\pages\estimate\EstimatePage.tsx
Syntax error: An identifier or keyword cannot immediately follow a numeric literal (384:155)
[1m[31mERROR[39m[22m in [1m./src/pages/estimate/EstimatePage.tsx[39m[22m
Module build failed (from ./node_modules/babel-loader/lib/index.js):
SyntaxError: C:\Users\playz\cy\src\pages\estimate\EstimatePage.tsx: Identifier directly after number. (384:155)

[0m [90m 382 |[39m                                         [33m<[39m[33m/[39m[33mtd[39m[33m>[39m
 [90m 383 |[39m                                     )}
[31m[1m>[22m[39m[90m 384 |[39m                                     [33m<[39m[33mtd[39m style[33m=[39m{{ [33m...[39mcellStyle()[33m,[39m border[33m:[39m [33mBORDER_THIN[39m[33m,[39m borderRight[33m:[39m [32m'1p                             <tr style={{ height: '[39m[35m30[39mpx[32m', backgroundColor: '[39m[33m#[39mf8fafc[32m', borderTop: '[39m[35m1[39mpx solid [33m#[39mcbd5e1[32m' }}>[39m
 [90m     |[39m                                                                                                                                                            [31m[1m^[22m[39m
 [90m 385 |[39m                                 [33m<[39m[33mtd[39m colSpan[33m=[39m{[35m3[39m} style[33m=[39m{{ [33m...[39mlabelCellStyle()[33m,[39m border[33m:[39m [33mBORDER_THIN[39m[33m,[39m letterSpacing[33m:[39m [32m'0.2em'[39m[33m,[39m borderRight[33m:[39m [32m'1px solid #000'[39m[33m,[39m color[33m:[39m [32m'#64748b'[39m[33m,[39m fontSize[33m:[39m [32m'9pt'[39m }}[33m>[39m
 [90m 386 |[39m                                     {group[33m.[39mname [33m?[39m [32m`[${group.name}] 그룹 소계`[39m [33m:[39m [32m'소 계'[39m}
 [90m 387 |[39m                                 [33m<[39m[33m/[39m[33mtd[39m[33m>[39m[0m
    at constructor (C:\Users\playz\cy\node_modules\@babel\parser\lib\index.js:367:19)
    at TypeScriptParserMixin.raise (C:\Users\playz\cy\node_modules\@babel\parser\lib\index.js:6624:19)
    at TypeScriptParserMixin.readNumber (C:\Users\playz\cy\node_modules\@babel\parser\lib\index.js:6495:18)
    at TypeScriptParserMixin.getTokenFromCode (C:\Users\playz\cy\node_modules\@babel\parser\lib\index.js:6279:14)
    at TypeScriptParserMixin.getTokenFromCode (C:\Users\playz\cy\node_modules\@babel\parser\lib\index.js:4826:11)
    at TypeScriptParserMixin.getTokenFromCode (C:\Users\playz\cy\node_modules\@babel\parser\lib\index.js:10042:11)
    at TypeScriptParserMixin.nextToken (C:\Users\playz\cy\node_modules\@babel\parser\lib\index.js:5807:10)
    at TypeScriptParserMixin.next (C:\Users\playz\cy\node_modules\@babel\parser\lib\index.js:5717:10)
    at TypeScriptParserMixin.parseLiteralAtNode (C:\Users\playz\cy\node_modules\@babel\parser\lib\index.js:11674:10)
    at TypeScriptParserMixin.parseLiteral (C:\Users\playz\cy\node_modules\@babel\parser\lib\index.js:11679:17)
    at TypeScriptParserMixin.parseStringLiteral (C:\Users\playz\cy\node_modules\@babel\parser\lib\index.js:11682:17)
    at TypeScriptParserMixin.parseExprAtom (C:\Users\playz\cy\node_modules\@babel\parser\lib\index.js:11385:21)
    at TypeScriptParserMixin.parseExprAtom (C:\Users\playz\cy\node_modules\@babel\parser\lib\index.js:4793:20)
    at TypeScriptParserMixin.parseExprSubscripts (C:\Users\playz\cy\node_modules\@babel\parser\lib\index.js:11145:23)
    at TypeScriptParserMixin.parseUpdate (C:\Users\playz\cy\node_modules\@babel\parser\lib\index.js:11130:21)
    at TypeScriptParserMixin.parseMaybeUnary (C:\Users\playz\cy\node_modules\@babel\parser\lib\index.js:11110:23)
    at TypeScriptParserMixin.parseMaybeUnary (C:\Users\playz\cy\node_modules\@babel\parser\lib\index.js:9890:18)
    at TypeScriptParserMixin.parseMaybeUnaryOrPrivate (C:\Users\playz\cy\node_modules\@babel\parser\lib\index.js:10963:61)
    at TypeScriptParserMixin.parseExprOps (C:\Users\playz\cy\node_modules\@babel\parser\lib\index.js:10968:23)
    at TypeScriptParserMixin.parseMaybeConditional (C:\Users\playz\cy\node_modules\@babel\parser\lib\index.js:10945:23)
    at TypeScriptParserMixin.parseMaybeAssign (C:\Users\playz\cy\node_modules\@babel\parser\lib\index.js:10895:21)
    at TypeScriptParserMixin.parseMaybeAssign (C:\Users\playz\cy\node_modules\@babel\parser\lib\index.js:9839:20)
    at C:\Users\playz\cy\node_modules\@babel\parser\lib\index.js:10864:39
    at TypeScriptParserMixin.allowInAnd (C:\Users\playz\cy\node_modules\@babel\parser\lib\index.js:12500:12)
    at TypeScriptParserMixin.parseMaybeAssignAllowIn (C:\Users\playz\cy\node_modules\@babel\parser\lib\index.js:10864:17)
    at TypeScriptParserMixin.parseMaybeAssignAllowInOrVoidPattern (C:\Users\playz\cy\node_modules\@babel\parser\lib\index.js:12567:17)
    at TypeScriptParserMixin.parseObjectProperty (C:\Users\playz\cy\node_modules\@babel\parser\lib\index.js:12024:83)
    at TypeScriptParserMixin.parseObjPropValue (C:\Users\playz\cy\node_modules\@babel\parser\lib\index.js:12052:100)
    at TypeScriptParserMixin.parseObjPropValue (C:\Users\playz\cy\node_modules\@babel\parser\lib\index.js:9797:18)
    at TypeScriptParserMixin.parsePropertyDefinition (C:\Users\playz\cy\node_modules\@babel\parser\lib\index.js:11989:17)
    at TypeScriptParserMixin.parseObjectLike (C:\Users\playz\cy\node_modules\@babel\parser\lib\index.js:11904:21)
    at TypeScriptParserMixin.parseExprAtom (C:\Users\playz\cy\node_modules\@babel\parser\lib\index.js:11403:23)
    at TypeScriptParserMixin.parseExprAtom (C:\Users\playz\cy\node_modules\@babel\parser\lib\index.js:4793:20)
    at TypeScriptParserMixin.parseExprSubscripts (C:\Users\playz\cy\node_modules\@babel\parser\lib\index.js:11145:23)
    at TypeScriptParserMixin.parseUpdate (C:\Users\playz\cy\node_modules\@babel\parser\lib\index.js:11130:21)
    at TypeScriptParserMixin.parseMaybeUnary (C:\Users\playz\cy\node_modules\@babel\parser\lib\index.js:11110:23)
    at TypeScriptParserMixin.parseMaybeUnary (C:\Users\playz\cy\node_modules\@babel\parser\lib\index.js:9890:18)
    at TypeScriptParserMixin.parseMaybeUnaryOrPrivate (C:\Users\playz\cy\node_modules\@babel\parser\lib\index.js:10963:61)
    at TypeScriptParserMixin.parseExprOps (C:\Users\playz\cy\node_modules\@babel\parser\lib\index.js:10968:23)
    at TypeScriptParserMixin.parseMaybeConditional (C:\Users\playz\cy\node_modules\@babel\parser\lib\index.js:10945:23)
    at TypeScriptParserMixin.parseMaybeAssign (C:\Users\playz\cy\node_modules\@babel\parser\lib\index.js:10895:21)
    at TypeScriptParserMixin.parseMaybeAssign (C:\Users\playz\cy\node_modules\@babel\parser\lib\index.js:9839:20)
    at TypeScriptParserMixin.parseExpressionBase (C:\Users\playz\cy\node_modules\@babel\parser\lib\index.js:10848:23)
    at C:\Users\playz\cy\node_modules\@babel\parser\lib\index.js:10844:39
    at TypeScriptParserMixin.allowInAnd (C:\Users\playz\cy\node_modules\@babel\parser\lib\index.js:12500:12)
    at TypeScriptParserMixin.parseExpression (C:\Users\playz\cy\node_modules\@babel\parser\lib\index.js:10844:17)
    at TypeScriptParserMixin.jsxParseExpressionContainer (C:\Users\playz\cy\node_modules\@babel\parser\lib\index.js:4661:31)
    at TypeScriptParserMixin.jsxParseAttributeValue (C:\Users\playz\cy\node_modules\@babel\parser\lib\index.js:4633:21)
    at TypeScriptParserMixin.jsxParseAttribute (C:\Users\playz\cy\node_modules\@babel\parser\lib\index.js:4682:38)
    at TypeScriptParserMixin.jsxParseOpeningElementAfterName (C:\Users\playz\cy\node_modules\@babel\parser\lib\index.js:4696:28)

[1m[31mERROR[39m[22m in [1m[eslint] 
src\pages\estimate\EstimatePage.tsx
  Line 384:155:  Parsing [1m[31merror[39m[22m[1m: An identifier or keyword cannot immediately follow a numeric literal

[39m[22m

webpack compiled with [1m[31m2 errors[39m[22m
Compiling...
Failed to compile.

[eslint] 
src\pages\estimate\EstimatePage.tsx
Syntax error: Expected corresponding JSX closing tag for 'aside' (738:38)
[1m[31mERROR[39m[22m in [1m./src/pages/estimate/EstimatePage.tsx[39m[22m
Module build failed (from ./node_modules/babel-loader/lib/index.js):
SyntaxError: C:\Users\playz\cy\src\pages\estimate\EstimatePage.tsx: Expected corresponding JSX closing tag for <aside>. (738:36)

[0m [90m 736 |[39m                                             [33m<[39m[33m/[39m[33mbutton[39m[33m>[39m
 [90m 737 |[39m                                         [33m<[39m[33m/[39m[33mdiv[39m[33m>[39m
[31m[1m>[22m[39m[90m 738 |[39m                                     [33m<[39m[33m/[39m[33mli[39m[33m>[39m
 [90m     |[39m                                     [31m[1m^[22m[39m
 [90m 739 |[39m                                 ))}
 [90m 740 |[39m                             [33m<[39m[33m/[39m[33mul[39m[33m>[39m
 [90m 741 |[39m                         )}[0m
    at constructor (C:\Users\playz\cy\node_modules\@babel\parser\lib\index.js:367:19)
    at TypeScriptParserMixin.raise (C:\Users\playz\cy\node_modules\@babel\parser\lib\index.js:6624:19)
    at TypeScriptParserMixin.jsxParseElementAt (C:\Users\playz\cy\node_modules\@babel\parser\lib\index.js:4756:16)
    at TypeScriptParserMixin.jsxParseElementAt (C:\Users\playz\cy\node_modules\@babel\parser\lib\index.js:4727:32)
    at TypeScriptParserMixin.jsxParseElementAt (C:\Users\playz\cy\node_modules\@babel\parser\lib\index.js:4727:32)
    at TypeScriptParserMixin.jsxParseElement (C:\Users\playz\cy\node_modules\@babel\parser\lib\index.js:4778:17)
    at TypeScriptParserMixin.parseExprAtom (C:\Users\playz\cy\node_modules\@babel\parser\lib\index.js:4788:19)
    at TypeScriptParserMixin.parseExprSubscripts (C:\Users\playz\cy\node_modules\@babel\parser\lib\index.js:11145:23)
    at TypeScriptParserMixin.parseUpdate (C:\Users\playz\cy\node_modules\@babel\parser\lib\index.js:11130:21)
    at TypeScriptParserMixin.parseMaybeUnary (C:\Users\playz\cy\node_modules\@babel\parser\lib\index.js:11110:23)
    at TypeScriptParserMixin.parseMaybeUnary (C:\Users\playz\cy\node_modules\@babel\parser\lib\index.js:9890:18)
    at TypeScriptParserMixin.parseMaybeUnaryOrPrivate (C:\Users\playz\cy\node_modules\@babel\parser\lib\index.js:10963:61)
    at TypeScriptParserMixin.parseExprOps (C:\Users\playz\cy\node_modules\@babel\parser\lib\index.js:10968:23)
    at TypeScriptParserMixin.parseMaybeConditional (C:\Users\playz\cy\node_modules\@babel\parser\lib\index.js:10945:23)
    at TypeScriptParserMixin.parseMaybeAssign (C:\Users\playz\cy\node_modules\@babel\parser\lib\index.js:10895:21)
    at C:\Users\playz\cy\node_modules\@babel\parser\lib\index.js:9828:39
    at TypeScriptParserMixin.tryParse (C:\Users\playz\cy\node_modules\@babel\parser\lib\index.js:6932:20)
    at TypeScriptParserMixin.parseMaybeAssign (C:\Users\playz\cy\node_modules\@babel\parser\lib\index.js:9828:18)
    at C:\Users\playz\cy\node_modules\@babel\parser\lib\index.js:10864:39
    at TypeScriptParserMixin.allowInAnd (C:\Users\playz\cy\node_modules\@babel\parser\lib\index.js:12500:12)
    at TypeScriptParserMixin.parseMaybeAssignAllowIn (C:\Users\playz\cy\node_modules\@babel\parser\lib\index.js:10864:17)
    at TypeScriptParserMixin.parseMaybeAssignAllowInOrVoidPattern (C:\Users\playz\cy\node_modules\@babel\parser\lib\index.js:12567:17)
    at TypeScriptParserMixin.parseParenAndDistinguishExpression (C:\Users\playz\cy\node_modules\@babel\parser\lib\index.js:11747:28)
    at TypeScriptParserMixin.parseExprAtom (C:\Users\playz\cy\node_modules\@babel\parser\lib\index.js:11395:23)
    at TypeScriptParserMixin.parseExprAtom (C:\Users\playz\cy\node_modules\@babel\parser\lib\index.js:4793:20)
    at TypeScriptParserMixin.parseExprSubscripts (C:\Users\playz\cy\node_modules\@babel\parser\lib\index.js:11145:23)
    at TypeScriptParserMixin.parseUpdate (C:\Users\playz\cy\node_modules\@babel\parser\lib\index.js:11130:21)
    at TypeScriptParserMixin.parseMaybeUnary (C:\Users\playz\cy\node_modules\@babel\parser\lib\index.js:11110:23)
    at TypeScriptParserMixin.parseMaybeUnary (C:\Users\playz\cy\node_modules\@babel\parser\lib\index.js:9890:18)
    at TypeScriptParserMixin.parseMaybeUnaryOrPrivate (C:\Users\playz\cy\node_modules\@babel\parser\lib\index.js:10963:61)
    at TypeScriptParserMixin.parseExprOps (C:\Users\playz\cy\node_modules\@babel\parser\lib\index.js:10968:23)
    at TypeScriptParserMixin.parseMaybeConditional (C:\Users\playz\cy\node_modules\@babel\parser\lib\index.js:10945:23)
    at TypeScriptParserMixin.parseMaybeAssign (C:\Users\playz\cy\node_modules\@babel\parser\lib\index.js:10895:21)
    at TypeScriptParserMixin.parseMaybeAssign (C:\Users\playz\cy\node_modules\@babel\parser\lib\index.js:9839:20)
    at TypeScriptParserMixin.parseExpressionBase (C:\Users\playz\cy\node_modules\@babel\parser\lib\index.js:10848:23)
    at C:\Users\playz\cy\node_modules\@babel\parser\lib\index.js:10844:39
    at TypeScriptParserMixin.allowInAnd (C:\Users\playz\cy\node_modules\@babel\parser\lib\index.js:12495:16)
    at TypeScriptParserMixin.parseExpression (C:\Users\playz\cy\node_modules\@babel\parser\lib\index.js:10844:17)
    at TypeScriptParserMixin.parseReturnStatement (C:\Users\playz\cy\node_modules\@babel\parser\lib\index.js:13218:28)
    at TypeScriptParserMixin.parseStatementContent (C:\Users\playz\cy\node_modules\@babel\parser\lib\index.js:12874:21)
    at TypeScriptParserMixin.parseStatementContent (C:\Users\playz\cy\node_modules\@babel\parser\lib\index.js:9569:18)
    at TypeScriptParserMixin.parseStatementLike (C:\Users\playz\cy\node_modules\@babel\parser\lib\index.js:12843:17)
    at TypeScriptParserMixin.parseStatementListItem (C:\Users\playz\cy\node_modules\@babel\parser\lib\index.js:12823:17)
    at TypeScriptParserMixin.parseBlockOrModuleBlockBody (C:\Users\playz\cy\node_modules\@babel\parser\lib\index.js:13392:61)
    at TypeScriptParserMixin.parseBlockBody (C:\Users\playz\cy\node_modules\@babel\parser\lib\index.js:13385:10)
    at TypeScriptParserMixin.parseBlock (C:\Users\playz\cy\node_modules\@babel\parser\lib\index.js:13373:10)
    at TypeScriptParserMixin.parseFunctionBody (C:\Users\playz\cy\node_modules\@babel\parser\lib\index.js:12174:24)
    at TypeScriptParserMixin.parseArrowExpression (C:\Users\playz\cy\node_modules\@babel\parser\lib\index.js:12149:10)
    at TypeScriptParserMixin.parseParenAndDistinguishExpression (C:\Users\playz\cy\node_modules\@babel\parser\lib\index.js:11759:12)
    at TypeScriptParserMixin.parseExprAtom (C:\Users\playz\cy\node_modules\@babel\parser\lib\index.js:11395:23)

[1m[31mERROR[39m[22m in [1m[eslint] 
src\pages\estimate\EstimatePage.tsx
  Line 738:38:  Parsing [1m[31merror[39m[22m[1m: Expected corresponding JSX closing tag for 'aside'

[39m[22m

webpack compiled with [1m[31m2 errors[39m[22m
Compiling...
Failed to compile.

[eslint] 
src\pages\estimate\EstimatePage.tsx
Syntax error: Expected corresponding JSX closing tag for 'aside' (739:38)
[1m[31mERROR[39m[22m in [1m./src/pages/estimate/EstimatePage.tsx[39m[22m
Module build failed (from ./node_modules/babel-loader/lib/index.js):
SyntaxError: C:\Users\playz\cy\src\pages\estimate\EstimatePage.tsx: Expected corresponding JSX closing tag for <aside>. (739:36)

[0m [90m 737 |[39m                                             [33m<[39m[33m/[39m[33mbutton[39m[33m>[39m
 [90m 738 |[39m                                         [33m<[39m[33m/[39m[33mdiv[39m[33m>[39m
[31m[1m>[22m[39m[90m 739 |[39m                                     [33m<[39m[33m/[39m[33mli[39m[33m>[39m
 [90m     |[39m                                     [31m[1m^[22m[39m
 [90m 740 |[39m                                 ))}
 [90m 741 |[39m                             [33m<[39m[33m/[39m[33mul[39m[33m>[39m
 [90m 742 |[39m                         )}[0m
    at constructor (C:\Users\playz\cy\node_modules\@babel\parser\lib\index.js:367:19)
    at TypeScriptParserMixin.raise (C:\Users\playz\cy\node_modules\@babel\parser\lib\index.js:6624:19)
    at TypeScriptParserMixin.jsxParseElementAt (C:\Users\playz\cy\node_modules\@babel\parser\lib\index.js:4756:16)
    at TypeScriptParserMixin.jsxParseElementAt (C:\Users\playz\cy\node_modules\@babel\parser\lib\index.js:4727:32)
    at TypeScriptParserMixin.jsxParseElementAt (C:\Users\playz\cy\node_modules\@babel\parser\lib\index.js:4727:32)
    at TypeScriptParserMixin.jsxParseElement (C:\Users\playz\cy\node_modules\@babel\parser\lib\index.js:4778:17)
    at TypeScriptParserMixin.parseExprAtom (C:\Users\playz\cy\node_modules\@babel\parser\lib\index.js:4788:19)
    at TypeScriptParserMixin.parseExprSubscripts (C:\Users\playz\cy\node_modules\@babel\parser\lib\index.js:11145:23)
    at TypeScriptParserMixin.parseUpdate (C:\Users\playz\cy\node_modules\@babel\parser\lib\index.js:11130:21)
    at TypeScriptParserMixin.parseMaybeUnary (C:\Users\playz\cy\node_modules\@babel\parser\lib\index.js:11110:23)
    at TypeScriptParserMixin.parseMaybeUnary (C:\Users\playz\cy\node_modules\@babel\parser\lib\index.js:9890:18)
    at TypeScriptParserMixin.parseMaybeUnaryOrPrivate (C:\Users\playz\cy\node_modules\@babel\parser\lib\index.js:10963:61)
    at TypeScriptParserMixin.parseExprOps (C:\Users\playz\cy\node_modules\@babel\parser\lib\index.js:10968:23)
    at TypeScriptParserMixin.parseMaybeConditional (C:\Users\playz\cy\node_modules\@babel\parser\lib\index.js:10945:23)
    at TypeScriptParserMixin.parseMaybeAssign (C:\Users\playz\cy\node_modules\@babel\parser\lib\index.js:10895:21)
    at C:\Users\playz\cy\node_modules\@babel\parser\lib\index.js:9828:39
    at TypeScriptParserMixin.tryParse (C:\Users\playz\cy\node_modules\@babel\parser\lib\index.js:6932:20)
    at TypeScriptParserMixin.parseMaybeAssign (C:\Users\playz\cy\node_modules\@babel\parser\lib\index.js:9828:18)
    at C:\Users\playz\cy\node_modules\@babel\parser\lib\index.js:10864:39
    at TypeScriptParserMixin.allowInAnd (C:\Users\playz\cy\node_modules\@babel\parser\lib\index.js:12500:12)
    at TypeScriptParserMixin.parseMaybeAssignAllowIn (C:\Users\playz\cy\node_modules\@babel\parser\lib\index.js:10864:17)
    at TypeScriptParserMixin.parseMaybeAssignAllowInOrVoidPattern (C:\Users\playz\cy\node_modules\@babel\parser\lib\index.js:12567:17)
    at TypeScriptParserMixin.parseParenAndDistinguishExpression (C:\Users\playz\cy\node_modules\@babel\parser\lib\index.js:11747:28)
    at TypeScriptParserMixin.parseExprAtom (C:\Users\playz\cy\node_modules\@babel\parser\lib\index.js:11395:23)
    at TypeScriptParserMixin.parseExprAtom (C:\Users\playz\cy\node_modules\@babel\parser\lib\index.js:4793:20)
    at TypeScriptParserMixin.parseExprSubscripts (C:\Users\playz\cy\node_modules\@babel\parser\lib\index.js:11145:23)
    at TypeScriptParserMixin.parseUpdate (C:\Users\playz\cy\node_modules\@babel\parser\lib\index.js:11130:21)
    at TypeScriptParserMixin.parseMaybeUnary (C:\Users\playz\cy\node_modules\@babel\parser\lib\index.js:11110:23)
    at TypeScriptParserMixin.parseMaybeUnary (C:\Users\playz\cy\node_modules\@babel\parser\lib\index.js:9890:18)
    at TypeScriptParserMixin.parseMaybeUnaryOrPrivate (C:\Users\playz\cy\node_modules\@babel\parser\lib\index.js:10963:61)
    at TypeScriptParserMixin.parseExprOps (C:\Users\playz\cy\node_modules\@babel\parser\lib\index.js:10968:23)
    at TypeScriptParserMixin.parseMaybeConditional (C:\Users\playz\cy\node_modules\@babel\parser\lib\index.js:10945:23)
    at TypeScriptParserMixin.parseMaybeAssign (C:\Users\playz\cy\node_modules\@babel\parser\lib\index.js:10895:21)
    at TypeScriptParserMixin.parseMaybeAssign (C:\Users\playz\cy\node_modules\@babel\parser\lib\index.js:9839:20)
    at TypeScriptParserMixin.parseExpressionBase (C:\Users\playz\cy\node_modules\@babel\parser\lib\index.js:10848:23)
    at C:\Users\playz\cy\node_modules\@babel\parser\lib\index.js:10844:39
    at TypeScriptParserMixin.allowInAnd (C:\Users\playz\cy\node_modules\@babel\parser\lib\index.js:12495:16)
    at TypeScriptParserMixin.parseExpression (C:\Users\playz\cy\node_modules\@babel\parser\lib\index.js:10844:17)
    at TypeScriptParserMixin.parseReturnStatement (C:\Users\playz\cy\node_modules\@babel\parser\lib\index.js:13218:28)
    at TypeScriptParserMixin.parseStatementContent (C:\Users\playz\cy\node_modules\@babel\parser\lib\index.js:12874:21)
    at TypeScriptParserMixin.parseStatementContent (C:\Users\playz\cy\node_modules\@babel\parser\lib\index.js:9569:18)
    at TypeScriptParserMixin.parseStatementLike (C:\Users\playz\cy\node_modules\@babel\parser\lib\index.js:12843:17)
    at TypeScriptParserMixin.parseStatementListItem (C:\Users\playz\cy\node_modules\@babel\parser\lib\index.js:12823:17)
    at TypeScriptParserMixin.parseBlockOrModuleBlockBody (C:\Users\playz\cy\node_modules\@babel\parser\lib\index.js:13392:61)
    at TypeScriptParserMixin.parseBlockBody (C:\Users\playz\cy\node_modules\@babel\parser\lib\index.js:13385:10)
    at TypeScriptParserMixin.parseBlock (C:\Users\playz\cy\node_modules\@babel\parser\lib\index.js:13373:10)
    at TypeScriptParserMixin.parseFunctionBody (C:\Users\playz\cy\node_modules\@babel\parser\lib\index.js:12174:24)
    at TypeScriptParserMixin.parseArrowExpression (C:\Users\playz\cy\node_modules\@babel\parser\lib\index.js:12149:10)
    at TypeScriptParserMixin.parseParenAndDistinguishExpression (C:\Users\playz\cy\node_modules\@babel\parser\lib\index.js:11759:12)
    at TypeScriptParserMixin.parseExprAtom (C:\Users\playz\cy\node_modules\@babel\parser\lib\index.js:11395:23)

[1m[31mERROR[39m[22m in [1m[eslint] 
src\pages\estimate\EstimatePage.tsx
  Line 739:38:  Parsing [1m[31merror[39m[22m[1m: Expected corresponding JSX closing tag for 'aside'

[39m[22m

webpack compiled with [1m[31m2 errors[39m[22m
Compiling...
Failed to compile.

[eslint] 
src\pages\estimate\EstimatePage.tsx
  Line 651:26:  'EstimateDocument' is not defined     react/jsx-no-undef
  Line 660:26:  'TransactionDocument' is not defined  react/jsx-no-undef

Search for the keywords to learn more about each error.
[1m[31mERROR[39m[22m in [1m[eslint] 
src\pages\estimate\EstimatePage.tsx
  Line 651:26:  'EstimateDocument' is not defined     react/jsx-no-undef
  Line 660:26:  'TransactionDocument' is not defined  react/jsx-no-undef

Search for the keywords to learn more about each [1m[31merror[39m[22m[1m.[39m[22m

webpack compiled with [1m[31m1 error[39m[22m
Compiling...
Compiled successfully!
webpack compiled [1m[32msuccessfully[39m[22m
No issues found.
Compiling...
Compiled successfully!
webpack compiled [1m[32msuccessfully[39m[22m
No issues found.
Compiling...
Compiled successfully!
webpack compiled [1m[32msuccessfully[39m[22m
No issues found.
Compiling...
Compiled successfully!
webpack compiled [1m[32msuccessfully[39m[22m
No issues found.
Compiling...
Compiled successfully!
webpack compiled [1m[32msuccessfully[39m[22m
Compiling...
No issues found.
Compiled successfully!
webpack compiled [1m[32msuccessfully[39m[22m
Files successfully emitted, waiting for typecheck results...
Issues checking in progress...
No issues found.
Compiling...
Compiled successfully!
webpack compiled [1m[32msuccessfully[39m[22m
No issues found.
Compiling...
Compiled successfully!
webpack compiled [1m[32msuccessfully[39m[22m
No issues found.
Compiling...
Compiled successfully!
webpack compiled [1m[32msuccessfully[39m[22m
No issues found.
Compiling...
Compiled successfully!
webpack compiled [1m[32msuccessfully[39m[22m
Compiling...
Compiled successfully!
webpack compiled [1m[32msuccessfully[39m[22m
No issues found.
Compiling...
Compiled successfully!
webpack compiled [1m[32msuccessfully[39m[22m
No issues found.
Compiling...
Compiled successfully!
webpack compiled [1m[32msuccessfully[39m[22m
No issues found.
Compiling...
Compiled successfully!
webpack compiled [1m[32msuccessfully[39m[22m
No issues found.
Compiling...
Compiled successfully!
webpack compiled [1m[32msuccessfully[39m[22m
No issues found.
Compiling...
Compiled successfully!
webpack compiled [1m[32msuccessfully[39m[22m
No issues found.
Compiling...
Compiled successfully!
webpack compiled [1m[32msuccessfully[39m[22m
No issues found.
Compiling...
Compiled successfully!
webpack compiled [1m[32msuccessfully[39m[22m
No issues found.
Compiling...
Compiled successfully!
webpack compiled [1m[32msuccessfully[39m[22m
No issues found.
Compiling...
Compiled successfully!
webpack compiled [1m[32msuccessfully[39m[22m
No issues found.
Compiling...
Failed to compile.

[eslint] 
src\pages\estimate\EstimatePage.tsx
Syntax error: JSX element 'tr' has no corresponding closing tag (402:41)
[1m[31mERROR[39m[22m in [1m./src/pages/estimate/EstimatePage.tsx[39m[22m
Module build failed (from ./node_modules/babel-loader/lib/index.js):
SyntaxError: C:\Users\playz\cy\src\pages\estimate\EstimatePage.tsx: Expected corresponding JSX closing tag for <tr>. (432:36)

[0m [90m 430 |[39m                                             {isEdit [33m&&[39m [33m<[39m[33mtd[39m style[33m=[39m{cellStyle()}[33m>[39m[33m<[39m[35m/td>} {/[39m[33m*[39m 삭제 컬럼 자리 [33m*[39m[33m/[39m}
 [90m 431 |[39m                                         [33m<[39m[33m/[39m[33mtr[39m[33m>[39m
[31m[1m>[22m[39m[90m 432 |[39m                                     [33m<[39m[33m/[39m[33mReact[39m[33m.[39m[33mFragment[39m[33m>[39m
 [90m     |[39m                                     [31m[1m^[22m[39m
 [90m 433 |[39m                                 )[33m;[39m
 [90m 434 |[39m                             })}
 [90m 435 |[39m                             {[90m/* 최종 총계 행 */[39m}[0m
    at constructor (C:\Users\playz\cy\node_modules\@babel\parser\lib\index.js:367:19)
    at TypeScriptParserMixin.raise (C:\Users\playz\cy\node_modules\@babel\parser\lib\index.js:6624:19)
    at TypeScriptParserMixin.jsxParseElementAt (C:\Users\playz\cy\node_modules\@babel\parser\lib\index.js:4756:16)
    at TypeScriptParserMixin.jsxParseElementAt (C:\Users\playz\cy\node_modules\@babel\parser\lib\index.js:4727:32)
    at TypeScriptParserMixin.jsxParseElement (C:\Users\playz\cy\node_modules\@babel\parser\lib\index.js:4778:17)
    at TypeScriptParserMixin.parseExprAtom (C:\Users\playz\cy\node_modules\@babel\parser\lib\index.js:4788:19)
    at TypeScriptParserMixin.parseExprSubscripts (C:\Users\playz\cy\node_modules\@babel\parser\lib\index.js:11145:23)
    at TypeScriptParserMixin.parseUpdate (C:\Users\playz\cy\node_modules\@babel\parser\lib\index.js:11130:21)
    at TypeScriptParserMixin.parseMaybeUnary (C:\Users\playz\cy\node_modules\@babel\parser\lib\index.js:11110:23)
    at TypeScriptParserMixin.parseMaybeUnary (C:\Users\playz\cy\node_modules\@babel\parser\lib\index.js:9890:18)
    at TypeScriptParserMixin.parseMaybeUnaryOrPrivate (C:\Users\playz\cy\node_modules\@babel\parser\lib\index.js:10963:61)
    at TypeScriptParserMixin.parseExprOps (C:\Users\playz\cy\node_modules\@babel\parser\lib\index.js:10968:23)
    at TypeScriptParserMixin.parseMaybeConditional (C:\Users\playz\cy\node_modules\@babel\parser\lib\index.js:10945:23)
    at TypeScriptParserMixin.parseMaybeAssign (C:\Users\playz\cy\node_modules\@babel\parser\lib\index.js:10895:21)
    at C:\Users\playz\cy\node_modules\@babel\parser\lib\index.js:9828:39
    at TypeScriptParserMixin.tryParse (C:\Users\playz\cy\node_modules\@babel\parser\lib\index.js:6932:20)
    at TypeScriptParserMixin.parseMaybeAssign (C:\Users\playz\cy\node_modules\@babel\parser\lib\index.js:9828:18)
    at C:\Users\playz\cy\node_modules\@babel\parser\lib\index.js:10864:39
    at TypeScriptParserMixin.allowInAnd (C:\Users\playz\cy\node_modules\@babel\parser\lib\index.js:12500:12)
    at TypeScriptParserMixin.parseMaybeAssignAllowIn (C:\Users\playz\cy\node_modules\@babel\parser\lib\index.js:10864:17)
    at TypeScriptParserMixin.parseMaybeAssignAllowInOrVoidPattern (C:\Users\playz\cy\node_modules\@babel\parser\lib\index.js:12567:17)
    at TypeScriptParserMixin.parseParenAndDistinguishExpression (C:\Users\playz\cy\node_modules\@babel\parser\lib\index.js:11747:28)
    at TypeScriptParserMixin.parseExprAtom (C:\Users\playz\cy\node_modules\@babel\parser\lib\index.js:11395:23)
    at TypeScriptParserMixin.parseExprAtom (C:\Users\playz\cy\node_modules\@babel\parser\lib\index.js:4793:20)
    at TypeScriptParserMixin.parseExprSubscripts (C:\Users\playz\cy\node_modules\@babel\parser\lib\index.js:11145:23)
    at TypeScriptParserMixin.parseUpdate (C:\Users\playz\cy\node_modules\@babel\parser\lib\index.js:11130:21)
    at TypeScriptParserMixin.parseMaybeUnary (C:\Users\playz\cy\node_modules\@babel\parser\lib\index.js:11110:23)
    at TypeScriptParserMixin.parseMaybeUnary (C:\Users\playz\cy\node_modules\@babel\parser\lib\index.js:9890:18)
    at TypeScriptParserMixin.parseMaybeUnaryOrPrivate (C:\Users\playz\cy\node_modules\@babel\parser\lib\index.js:10963:61)
    at TypeScriptParserMixin.parseExprOps (C:\Users\playz\cy\node_modules\@babel\parser\lib\index.js:10968:23)
    at TypeScriptParserMixin.parseMaybeConditional (C:\Users\playz\cy\node_modules\@babel\parser\lib\index.js:10945:23)
    at TypeScriptParserMixin.parseMaybeAssign (C:\Users\playz\cy\node_modules\@babel\parser\lib\index.js:10895:21)
    at TypeScriptParserMixin.parseMaybeAssign (C:\Users\playz\cy\node_modules\@babel\parser\lib\index.js:9839:20)
    at TypeScriptParserMixin.parseExpressionBase (C:\Users\playz\cy\node_modules\@babel\parser\lib\index.js:10848:23)
    at C:\Users\playz\cy\node_modules\@babel\parser\lib\index.js:10844:39
    at TypeScriptParserMixin.allowInAnd (C:\Users\playz\cy\node_modules\@babel\parser\lib\index.js:12495:16)
    at TypeScriptParserMixin.parseExpression (C:\Users\playz\cy\node_modules\@babel\parser\lib\index.js:10844:17)
    at TypeScriptParserMixin.parseReturnStatement (C:\Users\playz\cy\node_modules\@babel\parser\lib\index.js:13218:28)
    at TypeScriptParserMixin.parseStatementContent (C:\Users\playz\cy\node_modules\@babel\parser\lib\index.js:12874:21)
    at TypeScriptParserMixin.parseStatementContent (C:\Users\playz\cy\node_modules\@babel\parser\lib\index.js:9569:18)
    at TypeScriptParserMixin.parseStatementLike (C:\Users\playz\cy\node_modules\@babel\parser\lib\index.js:12843:17)
    at TypeScriptParserMixin.parseStatementListItem (C:\Users\playz\cy\node_modules\@babel\parser\lib\index.js:12823:17)
    at TypeScriptParserMixin.parseBlockOrModuleBlockBody (C:\Users\playz\cy\node_modules\@babel\parser\lib\index.js:13392:61)
    at TypeScriptParserMixin.parseBlockBody (C:\Users\playz\cy\node_modules\@babel\parser\lib\index.js:13385:10)
    at TypeScriptParserMixin.parseBlock (C:\Users\playz\cy\node_modules\@babel\parser\lib\index.js:13373:10)
    at TypeScriptParserMixin.parseFunctionBody (C:\Users\playz\cy\node_modules\@babel\parser\lib\index.js:12174:24)
    at TypeScriptParserMixin.parseArrowExpression (C:\Users\playz\cy\node_modules\@babel\parser\lib\index.js:12149:10)
    at TypeScriptParserMixin.parseParenAndDistinguishExpression (C:\Users\playz\cy\node_modules\@babel\parser\lib\index.js:11759:12)
    at TypeScriptParserMixin.parseExprAtom (C:\Users\playz\cy\node_modules\@babel\parser\lib\index.js:11395:23)
    at TypeScriptParserMixin.parseExprAtom (C:\Users\playz\cy\node_modules\@babel\parser\lib\index.js:4793:20)

[1m[31mERROR[39m[22m in [1m[eslint] 
src\pages\estimate\EstimatePage.tsx
  Line 402:41:  Parsing [1m[31merror[39m[22m[1m: JSX element 'tr' has no corresponding closing tag

[39m[22m

webpack compiled with [1m[31m2 errors[39m[22m
Compiling...
Compiled successfully!
webpack compiled [1m[32msuccessfully[39m[22m
No issues found.
Compiling...
Failed to compile.

[eslint] 
src\pages\estimate\EstimatePage.tsx
Syntax error: Identifier expected (436:26)
[1m[31mERROR[39m[22m in [1m./src/pages/estimate/EstimatePage.tsx[39m[22m
Module build failed (from ./node_modules/babel-loader/lib/index.js):
SyntaxError: C:\Users\playz\cy\src\pages\estimate\EstimatePage.tsx: Expected corresponding JSX closing tag for <table>. (436:24)

[0m [90m 434 |[39m                 })()}
 [90m 435 |[39m             [33m<[39m[33m/[39m[33mtbody[39m[33m>[39m
[31m[1m>[22m[39m[90m 436 |[39m                         [33m<[39m[33m/[39m[33m>[39m
 [90m     |[39m                         [31m[1m^[22m[39m
 [90m 437 |[39m                     )[33m;[39m
 [90m 438 |[39m                 })()}
 [90m 439 |[39m             [33m<[39m[33m/[39m[33mtbody[39m[33m>[39m[0m
    at constructor (C:\Users\playz\cy\node_modules\@babel\parser\lib\index.js:367:19)
    at TypeScriptParserMixin.raise (C:\Users\playz\cy\node_modules\@babel\parser\lib\index.js:6624:19)
    at TypeScriptParserMixin.jsxParseElementAt (C:\Users\playz\cy\node_modules\@babel\parser\lib\index.js:4751:14)
    at TypeScriptParserMixin.jsxParseElement (C:\Users\playz\cy\node_modules\@babel\parser\lib\index.js:4778:17)
    at TypeScriptParserMixin.parseExprAtom (C:\Users\playz\cy\node_modules\@babel\parser\lib\index.js:4788:19)
    at TypeScriptParserMixin.parseExprSubscripts (C:\Users\playz\cy\node_modules\@babel\parser\lib\index.js:11145:23)
    at TypeScriptParserMixin.parseUpdate (C:\Users\playz\cy\node_modules\@babel\parser\lib\index.js:11130:21)
    at TypeScriptParserMixin.parseMaybeUnary (C:\Users\playz\cy\node_modules\@babel\parser\lib\index.js:11110:23)
    at TypeScriptParserMixin.parseMaybeUnary (C:\Users\playz\cy\node_modules\@babel\parser\lib\index.js:9890:18)
    at TypeScriptParserMixin.parseMaybeUnaryOrPrivate (C:\Users\playz\cy\node_modules\@babel\parser\lib\index.js:10963:61)
    at TypeScriptParserMixin.parseExprOps (C:\Users\playz\cy\node_modules\@babel\parser\lib\index.js:10968:23)
    at TypeScriptParserMixin.parseMaybeConditional (C:\Users\playz\cy\node_modules\@babel\parser\lib\index.js:10945:23)
    at TypeScriptParserMixin.parseMaybeAssign (C:\Users\playz\cy\node_modules\@babel\parser\lib\index.js:10895:21)
    at C:\Users\playz\cy\node_modules\@babel\parser\lib\index.js:9828:39
    at TypeScriptParserMixin.tryParse (C:\Users\playz\cy\node_modules\@babel\parser\lib\index.js:6932:20)
    at TypeScriptParserMixin.parseMaybeAssign (C:\Users\playz\cy\node_modules\@babel\parser\lib\index.js:9828:18)
    at C:\Users\playz\cy\node_modules\@babel\parser\lib\index.js:10864:39
    at TypeScriptParserMixin.allowInAnd (C:\Users\playz\cy\node_modules\@babel\parser\lib\index.js:12500:12)
    at TypeScriptParserMixin.parseMaybeAssignAllowIn (C:\Users\playz\cy\node_modules\@babel\parser\lib\index.js:10864:17)
    at TypeScriptParserMixin.parseMaybeAssignAllowInOrVoidPattern (C:\Users\playz\cy\node_modules\@babel\parser\lib\index.js:12567:17)
    at TypeScriptParserMixin.parseParenAndDistinguishExpression (C:\Users\playz\cy\node_modules\@babel\parser\lib\index.js:11747:28)
    at TypeScriptParserMixin.parseExprAtom (C:\Users\playz\cy\node_modules\@babel\parser\lib\index.js:11395:23)
    at TypeScriptParserMixin.parseExprAtom (C:\Users\playz\cy\node_modules\@babel\parser\lib\index.js:4793:20)
    at TypeScriptParserMixin.parseExprSubscripts (C:\Users\playz\cy\node_modules\@babel\parser\lib\index.js:11145:23)
    at TypeScriptParserMixin.parseUpdate (C:\Users\playz\cy\node_modules\@babel\parser\lib\index.js:11130:21)
    at TypeScriptParserMixin.parseMaybeUnary (C:\Users\playz\cy\node_modules\@babel\parser\lib\index.js:11110:23)
    at TypeScriptParserMixin.parseMaybeUnary (C:\Users\playz\cy\node_modules\@babel\parser\lib\index.js:9890:18)
    at TypeScriptParserMixin.parseMaybeUnaryOrPrivate (C:\Users\playz\cy\node_modules\@babel\parser\lib\index.js:10963:61)
    at TypeScriptParserMixin.parseExprOps (C:\Users\playz\cy\node_modules\@babel\parser\lib\index.js:10968:23)
    at TypeScriptParserMixin.parseMaybeConditional (C:\Users\playz\cy\node_modules\@babel\parser\lib\index.js:10945:23)
    at TypeScriptParserMixin.parseMaybeAssign (C:\Users\playz\cy\node_modules\@babel\parser\lib\index.js:10895:21)
    at TypeScriptParserMixin.parseMaybeAssign (C:\Users\playz\cy\node_modules\@babel\parser\lib\index.js:9839:20)
    at TypeScriptParserMixin.parseExpressionBase (C:\Users\playz\cy\node_modules\@babel\parser\lib\index.js:10848:23)
    at C:\Users\playz\cy\node_modules\@babel\parser\lib\index.js:10844:39
    at TypeScriptParserMixin.allowInAnd (C:\Users\playz\cy\node_modules\@babel\parser\lib\index.js:12495:16)
    at TypeScriptParserMixin.parseExpression (C:\Users\playz\cy\node_modules\@babel\parser\lib\index.js:10844:17)
    at TypeScriptParserMixin.parseReturnStatement (C:\Users\playz\cy\node_modules\@babel\parser\lib\index.js:13218:28)
    at TypeScriptParserMixin.parseStatementContent (C:\Users\playz\cy\node_modules\@babel\parser\lib\index.js:12874:21)
    at TypeScriptParserMixin.parseStatementContent (C:\Users\playz\cy\node_modules\@babel\parser\lib\index.js:9569:18)
    at TypeScriptParserMixin.parseStatementLike (C:\Users\playz\cy\node_modules\@babel\parser\lib\index.js:12843:17)
    at TypeScriptParserMixin.parseStatementListItem (C:\Users\playz\cy\node_modules\@babel\parser\lib\index.js:12823:17)
    at TypeScriptParserMixin.parseBlockOrModuleBlockBody (C:\Users\playz\cy\node_modules\@babel\parser\lib\index.js:13392:61)
    at TypeScriptParserMixin.parseBlockBody (C:\Users\playz\cy\node_modules\@babel\parser\lib\index.js:13385:10)
    at TypeScriptParserMixin.parseBlock (C:\Users\playz\cy\node_modules\@babel\parser\lib\index.js:13373:10)
    at TypeScriptParserMixin.parseFunctionBody (C:\Users\playz\cy\node_modules\@babel\parser\lib\index.js:12174:24)
    at TypeScriptParserMixin.parseArrowExpression (C:\Users\playz\cy\node_modules\@babel\parser\lib\index.js:12149:10)
    at TypeScriptParserMixin.parseParenAndDistinguishExpression (C:\Users\playz\cy\node_modules\@babel\parser\lib\index.js:11759:12)
    at TypeScriptParserMixin.parseExprAtom (C:\Users\playz\cy\node_modules\@babel\parser\lib\index.js:11395:23)
    at TypeScriptParserMixin.parseExprAtom (C:\Users\playz\cy\node_modules\@babel\parser\lib\index.js:4793:20)
    at TypeScriptParserMixin.parseExprSubscripts (C:\Users\playz\cy\node_modules\@babel\parser\lib\index.js:11145:23)

[1m[31mERROR[39m[22m in [1m[eslint] 
src\pages\estimate\EstimatePage.tsx
  Line 436:26:  Parsing [1m[31merror[39m[22m[1m: Identifier expected

[39m[22m

webpack compiled with [1m[31m2 errors[39m[22m
Compiling...
Compiled successfully!
webpack compiled [1m[32msuccessfully[39m[22m
No issues found.
Compiling...
Compiled successfully!
webpack compiled [1m[32msuccessfully[39m[22m
No issues found.
Compiling...
Compiled successfully!
webpack compiled [1m[32msuccessfully[39m[22m
No issues found.
Compiling...
Compiled successfully!
webpack compiled [1m[32msuccessfully[39m[22m
No issues found.
Compiling...
Compiled successfully!
webpack compiled [1m[32msuccessfully[39m[22m
No issues found.
Compiling...
Compiled successfully!
webpack compiled [1m[32msuccessfully[39m[22m
No issues found.
Compiling...
Compiled successfully!
webpack compiled [1m[32msuccessfully[39m[22m
No issues found.
Compiling...
Compiled successfully!
webpack compiled [1m[32msuccessfully[39m[22m
Compiling...
Failed to compile.

SyntaxError: C:\Users\playz\cy\src\pages\estimate\EstimatePage.tsx: Identifier 'LOGO_FALLBACK' has already been declared. (109:6)
[0m [90m 107 |[39m [36mconst[39m [33mLOGO_FALLBACK[39m [33m=[39m [32m"https://firebasestorage.googleapis.com/v0/b/cyee-9c1e4.firebasestorage.app/o/%EC%B2%AD%EC%97%B0%EB%A1%9C%EA%B3%A0.png?alt=media&token=8e9e1c7c-4a3b-4c4f-9e8a-7d9a8c7b6a5a"[39m[33m;[39m [90m// 청연 로고 기본 URL[39m
 [90m 108 |[39m
[31m[1m>[22m[39m[90m 109 |[39m [36mconst[39m [33mLOGO_FALLBACK[39m [33m=[39m [32m"https://firebasestorage.googleapis.com/v0/b/cyee-9c1e4.firebasestorage.app/o/%EC%B2%AD%EC%97%B0%EB%A1%9C%EA%B3%A0.png?alt=media"[39m[33m;[39m
 [90m     |[39m       [31m[1m^[22m[39m
 [90m 110 |[39m
 [90m 111 |[39m [36mconst[39m formatCurrency [33m=[39m (v[33m:[39m number [33m|[39m [36mnull[39m [33m|[39m undefined)[33m:[39m string [33m=>[39m [36mnew[39m [33mIntl[39m[33m.[39m[33mNumberFormat[39m([32m'ko-KR'[39m)[33m.[39mformat([33mMath[39m[33m.[39mround(v [33m||[39m [35m0[39m))[33m;[39m
 [90m 112 |[39m [36mconst[39m formatDecimal [33m=[39m (v[33m:[39m number [33m|[39m [36mnull[39m [33m|[39m undefined)[33m:[39m string [33m=>[39m (v [33m||[39m [35m0[39m)[33m.[39mtoLocaleString([32m'ko-KR'[39m[33m,[39m { minimumFractionDigits[33m:[39m [35m0[39m[33m,[39m maximumFractionDigits[33m:[39m [35m2[39m })[33m;[39m[0m
    at parser.next (<anonymous>)
    at normalizeFile.next (<anonymous>)
    at run.next (<anonymous>)
    at transform.next (<anonymous>)
[1m[33mWARNING[39m[22m in [1m[eslint] 
src\pages\estimate\EstimatePage.tsx
  Line 109:7:  'LOGO_FALLBACK' is already defined  @typescript-eslint/no-redeclare

[39m[22m

[1m[31mERROR[39m[22m in [1m./src/pages/estimate/EstimatePage.tsx[39m[22m
Module build failed (from ./node_modules/babel-loader/lib/index.js):
SyntaxError: C:\Users\playz\cy\src\pages\estimate\EstimatePage.tsx: Identifier 'LOGO_FALLBACK' has already been declared. (109:6)

[0m [90m 107 |[39m [36mconst[39m [33mLOGO_FALLBACK[39m [33m=[39m [32m"https://firebasestorage.googleapis.com/v0/b/cyee-9c1e4.firebasestorage.app/o/%EC%B2%AD%EC%97%B0%EB%A1%9C%EA%B3%A0.png?alt=media&token=8e9e1c7c-4a3b-4c4f-9e8a-7d9a8c7b6a5a"[39m[33m;[39m [90m// 청연 로고 기본 URL[39m
 [90m 108 |[39m
[31m[1m>[22m[39m[90m 109 |[39m [36mconst[39m [33mLOGO_FALLBACK[39m [33m=[39m [32m"https://firebasestorage.googleapis.com/v0/b/cyee-9c1e4.firebasestorage.app/o/%EC%B2%AD%EC%97%B0%EB%A1%9C%EA%B3%A0.png?alt=media"[39m[33m;[39m
 [90m     |[39m       [31m[1m^[22m[39m
 [90m 110 |[39m
 [90m 111 |[39m [36mconst[39m formatCurrency [33m=[39m (v[33m:[39m number [33m|[39m [36mnull[39m [33m|[39m undefined)[33m:[39m string [33m=>[39m [36mnew[39m [33mIntl[39m[33m.[39m[33mNumberFormat[39m([32m'ko-KR'[39m)[33m.[39mformat([33mMath[39m[33m.[39mround(v [33m||[39m [35m0[39m))[33m;[39m
 [90m 112 |[39m [36mconst[39m formatDecimal [33m=[39m (v[33m:[39m number [33m|[39m [36mnull[39m [33m|[39m undefined)[33m:[39m string [33m=>[39m (v [33m||[39m [35m0[39m)[33m.[39mtoLocaleString([32m'ko-KR'[39m[33m,[39m { minimumFractionDigits[33m:[39m [35m0[39m[33m,[39m maximumFractionDigits[33m:[39m [35m2[39m })[33m;[39m[0m
    at constructor (C:\Users\playz\cy\node_modules\@babel\parser\lib\index.js:367:19)
    at TypeScriptParserMixin.raise (C:\Users\playz\cy\node_modules\@babel\parser\lib\index.js:6624:19)
    at TypeScriptScopeHandler.checkRedeclarationInScope (C:\Users\playz\cy\node_modules\@babel\parser\lib\index.js:1646:19)
    at TypeScriptScopeHandler.declareName (C:\Users\playz\cy\node_modules\@babel\parser\lib\index.js:1612:12)
    at TypeScriptScopeHandler.declareName (C:\Users\playz\cy\node_modules\@babel\parser\lib\index.js:4909:11)
    at TypeScriptParserMixin.declareNameFromIdentifier (C:\Users\playz\cy\node_modules\@babel\parser\lib\index.js:7594:16)
    at TypeScriptParserMixin.checkIdentifier (C:\Users\playz\cy\node_modules\@babel\parser\lib\index.js:7590:12)
    at TypeScriptParserMixin.checkLVal (C:\Users\playz\cy\node_modules\@babel\parser\lib\index.js:7527:12)
    at TypeScriptParserMixin.parseVarId (C:\Users\playz\cy\node_modules\@babel\parser\lib\index.js:13488:10)
    at TypeScriptParserMixin.parseVarId (C:\Users\playz\cy\node_modules\@babel\parser\lib\index.js:9805:11)
    at TypeScriptParserMixin.parseVar (C:\Users\playz\cy\node_modules\@babel\parser\lib\index.js:13459:12)
    at TypeScriptParserMixin.parseVarStatement (C:\Users\playz\cy\node_modules\@babel\parser\lib\index.js:13306:10)
    at TypeScriptParserMixin.parseVarStatement (C:\Users\playz\cy\node_modules\@babel\parser\lib\index.js:9469:31)
    at TypeScriptParserMixin.parseStatementContent (C:\Users\playz\cy\node_modules\@babel\parser\lib\index.js:12927:23)
    at TypeScriptParserMixin.parseStatementContent (C:\Users\playz\cy\node_modules\@babel\parser\lib\index.js:9569:18)
    at TypeScriptParserMixin.parseStatementLike (C:\Users\playz\cy\node_modules\@babel\parser\lib\index.js:12843:17)
    at TypeScriptParserMixin.parseModuleItem (C:\Users\playz\cy\node_modules\@babel\parser\lib\index.js:12820:17)
    at TypeScriptParserMixin.parseBlockOrModuleBlockBody (C:\Users\playz\cy\node_modules\@babel\parser\lib\index.js:13392:36)
    at TypeScriptParserMixin.parseBlockBody (C:\Users\playz\cy\node_modules\@babel\parser\lib\index.js:13385:10)
    at TypeScriptParserMixin.parseProgram (C:\Users\playz\cy\node_modules\@babel\parser\lib\index.js:12698:10)
    at TypeScriptParserMixin.parseTopLevel (C:\Users\playz\cy\node_modules\@babel\parser\lib\index.js:12688:25)
    at TypeScriptParserMixin.parse (C:\Users\playz\cy\node_modules\@babel\parser\lib\index.js:14568:25)
    at TypeScriptParserMixin.parse (C:\Users\playz\cy\node_modules\@babel\parser\lib\index.js:10183:18)
    at parse (C:\Users\playz\cy\node_modules\@babel\parser\lib\index.js:14602:38)
    at parser (C:\Users\playz\cy\node_modules\@babel\core\lib\parser\index.js:41:34)
    at parser.next (<anonymous>)
    at normalizeFile (C:\Users\playz\cy\node_modules\@babel\core\lib\transformation\normalize-file.js:64:37)
    at normalizeFile.next (<anonymous>)
    at run (C:\Users\playz\cy\node_modules\@babel\core\lib\transformation\index.js:22:50)
    at run.next (<anonymous>)
    at transform (C:\Users\playz\cy\node_modules\@babel\core\lib\transform.js:22:33)
    at transform.next (<anonymous>)
    at step (C:\Users\playz\cy\node_modules\gensync\index.js:261:32)
    at C:\Users\playz\cy\node_modules\gensync\index.js:273:13
    at async.call.result.err.err (C:\Users\playz\cy\node_modules\gensync\index.js:223:11)

webpack compiled with [1m[31m1 error[39m[22m and [1m[33m1 warning[39m[22m
Compiling...
Compiled successfully!
webpack compiled [1m[32msuccessfully[39m[22m
Compiling...
Compiled successfully!
webpack compiled [1m[32msuccessfully[39m[22m
Compiling...
Failed to compile.

[eslint] 
src\pages\estimate\EstimatePage.tsx
Syntax error: ';' expected (951:1)
[1m[31mERROR[39m[22m in [1m./src/pages/estimate/EstimatePage.tsx[39m[22m
Module build failed (from ./node_modules/babel-loader/lib/index.js):
SyntaxError: C:\Users\playz\cy\src\pages\estimate\EstimatePage.tsx: Missing semicolon. (951:1)

[0m [90m 949 |[39m         [33m<[39m[33m/[39m[33mdiv[39m[33m>[39m
 [90m 950 |[39m     [33m<[39m[33m/[39m[33mdiv[39m[33m>[39m
[31m[1m>[22m[39m[90m 951 |[39m ))[33m;[39m
 [90m     |[39m  [31m[1m^[22m[39m
 [90m 952 |[39m
 [90m 953 |[39m [36mconst[39m [33mTransactionDocument[39m [33m=[39m [33mReact[39m[33m.[39mmemo(({ draft[33m,[39m itemsWithCalc[33m,[39m subtotal[33m,[39m total }[33m:[39m any) [33m=>[39m {
 [90m 954 |[39m     [36mconst[39m [logoUrl[33m,[39m setLogoUrl] [33m=[39m useState[33m<[39m[33mstring[39m[33m>[39m([32m''[39m)[33m;[39m[0m
    at constructor (C:\Users\playz\cy\node_modules\@babel\parser\lib\index.js:367:19)
    at TypeScriptParserMixin.raise (C:\Users\playz\cy\node_modules\@babel\parser\lib\index.js:6624:19)
    at TypeScriptParserMixin.semicolon (C:\Users\playz\cy\node_modules\@babel\parser\lib\index.js:6920:10)
    at TypeScriptParserMixin.parseReturnStatement (C:\Users\playz\cy\node_modules\@babel\parser\lib\index.js:13219:12)
    at TypeScriptParserMixin.parseStatementContent (C:\Users\playz\cy\node_modules\@babel\parser\lib\index.js:12874:21)
    at TypeScriptParserMixin.parseStatementContent (C:\Users\playz\cy\node_modules\@babel\parser\lib\index.js:9569:18)
    at TypeScriptParserMixin.parseStatementLike (C:\Users\playz\cy\node_modules\@babel\parser\lib\index.js:12843:17)
    at TypeScriptParserMixin.parseStatementListItem (C:\Users\playz\cy\node_modules\@babel\parser\lib\index.js:12823:17)
    at TypeScriptParserMixin.parseBlockOrModuleBlockBody (C:\Users\playz\cy\node_modules\@babel\parser\lib\index.js:13392:61)
    at TypeScriptParserMixin.parseBlockBody (C:\Users\playz\cy\node_modules\@babel\parser\lib\index.js:13385:10)
    at TypeScriptParserMixin.parseBlock (C:\Users\playz\cy\node_modules\@babel\parser\lib\index.js:13373:10)
    at TypeScriptParserMixin.parseFunctionBody (C:\Users\playz\cy\node_modules\@babel\parser\lib\index.js:12174:24)
    at TypeScriptParserMixin.parseArrowExpression (C:\Users\playz\cy\node_modules\@babel\parser\lib\index.js:12149:10)
    at TypeScriptParserMixin.parseParenAndDistinguishExpression (C:\Users\playz\cy\node_modules\@babel\parser\lib\index.js:11759:12)
    at TypeScriptParserMixin.parseExprAtom (C:\Users\playz\cy\node_modules\@babel\parser\lib\index.js:11395:23)
    at TypeScriptParserMixin.parseExprAtom (C:\Users\playz\cy\node_modules\@babel\parser\lib\index.js:4793:20)
    at TypeScriptParserMixin.parseExprSubscripts (C:\Users\playz\cy\node_modules\@babel\parser\lib\index.js:11145:23)
    at TypeScriptParserMixin.parseUpdate (C:\Users\playz\cy\node_modules\@babel\parser\lib\index.js:11130:21)
    at TypeScriptParserMixin.parseMaybeUnary (C:\Users\playz\cy\node_modules\@babel\parser\lib\index.js:11110:23)
    at TypeScriptParserMixin.parseMaybeUnary (C:\Users\playz\cy\node_modules\@babel\parser\lib\index.js:9890:18)
    at TypeScriptParserMixin.parseMaybeUnaryOrPrivate (C:\Users\playz\cy\node_modules\@babel\parser\lib\index.js:10963:61)
    at TypeScriptParserMixin.parseExprOps (C:\Users\playz\cy\node_modules\@babel\parser\lib\index.js:10968:23)
    at TypeScriptParserMixin.parseMaybeConditional (C:\Users\playz\cy\node_modules\@babel\parser\lib\index.js:10945:23)
    at TypeScriptParserMixin.parseMaybeAssign (C:\Users\playz\cy\node_modules\@babel\parser\lib\index.js:10895:21)
    at TypeScriptParserMixin.parseMaybeAssign (C:\Users\playz\cy\node_modules\@babel\parser\lib\index.js:9839:20)
    at C:\Users\playz\cy\node_modules\@babel\parser\lib\index.js:10864:39
    at TypeScriptParserMixin.allowInAnd (C:\Users\playz\cy\node_modules\@babel\parser\lib\index.js:12500:12)
    at TypeScriptParserMixin.parseMaybeAssignAllowIn (C:\Users\playz\cy\node_modules\@babel\parser\lib\index.js:10864:17)
    at TypeScriptParserMixin.parseMaybeAssignAllowInOrVoidPattern (C:\Users\playz\cy\node_modules\@babel\parser\lib\index.js:12567:17)
    at TypeScriptParserMixin.parseExprListItem (C:\Users\playz\cy\node_modules\@babel\parser\lib\index.js:12249:18)
    at TypeScriptParserMixin.parseCallExpressionArguments (C:\Users\playz\cy\node_modules\@babel\parser\lib\index.js:11316:22)
    at TypeScriptParserMixin.parseCoverCallAndAsyncArrowHead (C:\Users\playz\cy\node_modules\@babel\parser\lib\index.js:11250:29)
    at TypeScriptParserMixin.parseSubscript (C:\Users\playz\cy\node_modules\@babel\parser\lib\index.js:11184:19)
    at TypeScriptParserMixin.parseSubscript (C:\Users\playz\cy\node_modules\@babel\parser\lib\index.js:9329:18)
    at TypeScriptParserMixin.parseSubscripts (C:\Users\playz\cy\node_modules\@babel\parser\lib\index.js:11158:19)
    at TypeScriptParserMixin.parseExprSubscripts (C:\Users\playz\cy\node_modules\@babel\parser\lib\index.js:11149:17)
    at TypeScriptParserMixin.parseUpdate (C:\Users\playz\cy\node_modules\@babel\parser\lib\index.js:11130:21)
    at TypeScriptParserMixin.parseMaybeUnary (C:\Users\playz\cy\node_modules\@babel\parser\lib\index.js:11110:23)
    at TypeScriptParserMixin.parseMaybeUnary (C:\Users\playz\cy\node_modules\@babel\parser\lib\index.js:9890:18)
    at TypeScriptParserMixin.parseMaybeUnaryOrPrivate (C:\Users\playz\cy\node_modules\@babel\parser\lib\index.js:10963:61)
    at TypeScriptParserMixin.parseExprOps (C:\Users\playz\cy\node_modules\@babel\parser\lib\index.js:10968:23)
    at TypeScriptParserMixin.parseMaybeConditional (C:\Users\playz\cy\node_modules\@babel\parser\lib\index.js:10945:23)
    at TypeScriptParserMixin.parseMaybeAssign (C:\Users\playz\cy\node_modules\@babel\parser\lib\index.js:10895:21)
    at TypeScriptParserMixin.parseMaybeAssign (C:\Users\playz\cy\node_modules\@babel\parser\lib\index.js:9839:20)
    at C:\Users\playz\cy\node_modules\@babel\parser\lib\index.js:10864:39
    at TypeScriptParserMixin.allowInAnd (C:\Users\playz\cy\node_modules\@babel\parser\lib\index.js:12495:16)
    at TypeScriptParserMixin.parseMaybeAssignAllowIn (C:\Users\playz\cy\node_modules\@babel\parser\lib\index.js:10864:17)
    at TypeScriptParserMixin.parseVar (C:\Users\playz\cy\node_modules\@babel\parser\lib\index.js:13460:91)
    at TypeScriptParserMixin.parseVarStatement (C:\Users\playz\cy\node_modules\@babel\parser\lib\index.js:13306:10)
    at TypeScriptParserMixin.parseVarStatement (C:\Users\playz\cy\node_modules\@babel\parser\lib\index.js:9469:31)

[1m[31mERROR[39m[22m in [1m[eslint] 
src\pages\estimate\EstimatePage.tsx
  Line 951:1:  Parsing [1m[31merror[39m[22m[1m: ';' expected

[39m[22m

webpack compiled with [1m[31m2 errors[39m[22m
Compiling...
Failed to compile.

[eslint] 
src\pages\estimate\EstimatePage.tsx
Syntax error: ';' expected (946:1)
[1m[31mERROR[39m[22m in [1m./src/pages/estimate/EstimatePage.tsx[39m[22m
Module build failed (from ./node_modules/babel-loader/lib/index.js):
SyntaxError: C:\Users\playz\cy\src\pages\estimate\EstimatePage.tsx: Missing semicolon. (946:1)

[0m [90m 944 |[39m         [33m<[39m[33m/[39m[33mdiv[39m[33m>[39m
 [90m 945 |[39m     [33m<[39m[33m/[39m[33mdiv[39m[33m>[39m
[31m[1m>[22m[39m[90m 946 |[39m ))[33m;[39m
 [90m     |[39m  [31m[1m^[22m[39m
 [90m 947 |[39m
 [90m 948 |[39m [36mconst[39m [33mTransactionDocument[39m [33m=[39m [33mReact[39m[33m.[39mmemo(({ draft[33m,[39m itemsWithCalc[33m,[39m subtotal[33m,[39m total }[33m:[39m any) [33m=>[39m {
 [90m 949 |[39m     [36mconst[39m [logoUrl[33m,[39m setLogoUrl] [33m=[39m useState[33m<[39m[33mstring[39m[33m>[39m([32m''[39m)[33m;[39m[0m
    at constructor (C:\Users\playz\cy\node_modules\@babel\parser\lib\index.js:367:19)
    at TypeScriptParserMixin.raise (C:\Users\playz\cy\node_modules\@babel\parser\lib\index.js:6624:19)
    at TypeScriptParserMixin.semicolon (C:\Users\playz\cy\node_modules\@babel\parser\lib\index.js:6920:10)
    at TypeScriptParserMixin.parseReturnStatement (C:\Users\playz\cy\node_modules\@babel\parser\lib\index.js:13219:12)
    at TypeScriptParserMixin.parseStatementContent (C:\Users\playz\cy\node_modules\@babel\parser\lib\index.js:12874:21)
    at TypeScriptParserMixin.parseStatementContent (C:\Users\playz\cy\node_modules\@babel\parser\lib\index.js:9569:18)
    at TypeScriptParserMixin.parseStatementLike (C:\Users\playz\cy\node_modules\@babel\parser\lib\index.js:12843:17)
    at TypeScriptParserMixin.parseStatementListItem (C:\Users\playz\cy\node_modules\@babel\parser\lib\index.js:12823:17)
    at TypeScriptParserMixin.parseBlockOrModuleBlockBody (C:\Users\playz\cy\node_modules\@babel\parser\lib\index.js:13392:61)
    at TypeScriptParserMixin.parseBlockBody (C:\Users\playz\cy\node_modules\@babel\parser\lib\index.js:13385:10)
    at TypeScriptParserMixin.parseBlock (C:\Users\playz\cy\node_modules\@babel\parser\lib\index.js:13373:10)
    at TypeScriptParserMixin.parseFunctionBody (C:\Users\playz\cy\node_modules\@babel\parser\lib\index.js:12174:24)
    at TypeScriptParserMixin.parseArrowExpression (C:\Users\playz\cy\node_modules\@babel\parser\lib\index.js:12149:10)
    at TypeScriptParserMixin.parseParenAndDistinguishExpression (C:\Users\playz\cy\node_modules\@babel\parser\lib\index.js:11759:12)
    at TypeScriptParserMixin.parseExprAtom (C:\Users\playz\cy\node_modules\@babel\parser\lib\index.js:11395:23)
    at TypeScriptParserMixin.parseExprAtom (C:\Users\playz\cy\node_modules\@babel\parser\lib\index.js:4793:20)
    at TypeScriptParserMixin.parseExprSubscripts (C:\Users\playz\cy\node_modules\@babel\parser\lib\index.js:11145:23)
    at TypeScriptParserMixin.parseUpdate (C:\Users\playz\cy\node_modules\@babel\parser\lib\index.js:11130:21)
    at TypeScriptParserMixin.parseMaybeUnary (C:\Users\playz\cy\node_modules\@babel\parser\lib\index.js:11110:23)
    at TypeScriptParserMixin.parseMaybeUnary (C:\Users\playz\cy\node_modules\@babel\parser\lib\index.js:9890:18)
    at TypeScriptParserMixin.parseMaybeUnaryOrPrivate (C:\Users\playz\cy\node_modules\@babel\parser\lib\index.js:10963:61)
    at TypeScriptParserMixin.parseExprOps (C:\Users\playz\cy\node_modules\@babel\parser\lib\index.js:10968:23)
    at TypeScriptParserMixin.parseMaybeConditional (C:\Users\playz\cy\node_modules\@babel\parser\lib\index.js:10945:23)
    at TypeScriptParserMixin.parseMaybeAssign (C:\Users\playz\cy\node_modules\@babel\parser\lib\index.js:10895:21)
    at TypeScriptParserMixin.parseMaybeAssign (C:\Users\playz\cy\node_modules\@babel\parser\lib\index.js:9839:20)
    at C:\Users\playz\cy\node_modules\@babel\parser\lib\index.js:10864:39
    at TypeScriptParserMixin.allowInAnd (C:\Users\playz\cy\node_modules\@babel\parser\lib\index.js:12500:12)
    at TypeScriptParserMixin.parseMaybeAssignAllowIn (C:\Users\playz\cy\node_modules\@babel\parser\lib\index.js:10864:17)
    at TypeScriptParserMixin.parseMaybeAssignAllowInOrVoidPattern (C:\Users\playz\cy\node_modules\@babel\parser\lib\index.js:12567:17)
    at TypeScriptParserMixin.parseExprListItem (C:\Users\playz\cy\node_modules\@babel\parser\lib\index.js:12249:18)
    at TypeScriptParserMixin.parseCallExpressionArguments (C:\Users\playz\cy\node_modules\@babel\parser\lib\index.js:11316:22)
    at TypeScriptParserMixin.parseCoverCallAndAsyncArrowHead (C:\Users\playz\cy\node_modules\@babel\parser\lib\index.js:11250:29)
    at TypeScriptParserMixin.parseSubscript (C:\Users\playz\cy\node_modules\@babel\parser\lib\index.js:11184:19)
    at TypeScriptParserMixin.parseSubscript (C:\Users\playz\cy\node_modules\@babel\parser\lib\index.js:9329:18)
    at TypeScriptParserMixin.parseSubscripts (C:\Users\playz\cy\node_modules\@babel\parser\lib\index.js:11158:19)
    at TypeScriptParserMixin.parseExprSubscripts (C:\Users\playz\cy\node_modules\@babel\parser\lib\index.js:11149:17)
    at TypeScriptParserMixin.parseUpdate (C:\Users\playz\cy\node_modules\@babel\parser\lib\index.js:11130:21)
    at TypeScriptParserMixin.parseMaybeUnary (C:\Users\playz\cy\node_modules\@babel\parser\lib\index.js:11110:23)
    at TypeScriptParserMixin.parseMaybeUnary (C:\Users\playz\cy\node_modules\@babel\parser\lib\index.js:9890:18)
    at TypeScriptParserMixin.parseMaybeUnaryOrPrivate (C:\Users\playz\cy\node_modules\@babel\parser\lib\index.js:10963:61)
    at TypeScriptParserMixin.parseExprOps (C:\Users\playz\cy\node_modules\@babel\parser\lib\index.js:10968:23)
    at TypeScriptParserMixin.parseMaybeConditional (C:\Users\playz\cy\node_modules\@babel\parser\lib\index.js:10945:23)
    at TypeScriptParserMixin.parseMaybeAssign (C:\Users\playz\cy\node_modules\@babel\parser\lib\index.js:10895:21)
    at TypeScriptParserMixin.parseMaybeAssign (C:\Users\playz\cy\node_modules\@babel\parser\lib\index.js:9839:20)
    at C:\Users\playz\cy\node_modules\@babel\parser\lib\index.js:10864:39
    at TypeScriptParserMixin.allowInAnd (C:\Users\playz\cy\node_modules\@babel\parser\lib\index.js:12495:16)
    at TypeScriptParserMixin.parseMaybeAssignAllowIn (C:\Users\playz\cy\node_modules\@babel\parser\lib\index.js:10864:17)
    at TypeScriptParserMixin.parseVar (C:\Users\playz\cy\node_modules\@babel\parser\lib\index.js:13460:91)
    at TypeScriptParserMixin.parseVarStatement (C:\Users\playz\cy\node_modules\@babel\parser\lib\index.js:13306:10)
    at TypeScriptParserMixin.parseVarStatement (C:\Users\playz\cy\node_modules\@babel\parser\lib\index.js:9469:31)

[1m[31mERROR[39m[22m in [1m[eslint] 
src\pages\estimate\EstimatePage.tsx
  Line 946:1:  Parsing [1m[31merror[39m[22m[1m: ';' expected

[39m[22m

webpack compiled with [1m[31m2 errors[39m[22m
Compiling...
Compiled successfully!
webpack compiled [1m[32msuccessfully[39m[22m
No issues found.
Compiling...
Compiled successfully!
webpack compiled [1m[32msuccessfully[39m[22m
No issues found.
Compiling...
Compiled successfully!
webpack compiled [1m[32msuccessfully[39m[22m
No issues found.
Compiling...
Compiled successfully!
webpack compiled [1m[32msuccessfully[39m[22m
No issues found.
Compiling...
Compiled successfully!
webpack compiled [1m[32msuccessfully[39m[22m
No issues found.
Compiling...
Compiled successfully!
webpack compiled [1m[32msuccessfully[39m[22m
No issues found.
Compiling...
Compiled successfully!
webpack compiled [1m[32msuccessfully[39m[22m
No issues found.
Compiling...
Failed to compile.

[eslint] 
src\pages\estimate\EstimatePage.tsx
Syntax error: Unexpected token. Did you mean `{'}'}` or `&rbrace;`? (363:4)
[1m[31mERROR[39m[22m in [1m./src/pages/estimate/EstimatePage.tsx[39m[22m
Module build failed (from ./node_modules/babel-loader/lib/index.js):
SyntaxError: C:\Users\playz\cy\src\pages\estimate\EstimatePage.tsx: Identifier 'labelCellStyle' has already been declared. (190:6)

[0m [90m 188 |[39m [32m`[39m[33m;[39m
 [90m 189 |[39m
[31m[1m>[22m[39m[90m 190 |[39m [36mconst[39m labelCellStyle [33m=[39m (overrides[33m:[39m [33mReact[39m[33m.[39m[33mCSSProperties[39m [33m=[39m {})[33m:[39m [33mReact[39m[33m.[39m[33mCSSProperties[39m [33m=>[39m ({
 [90m     |[39m       [31m[1m^[22m[39m
 [90m 191 |[39m     [33m...[39mcellStyle({ backgroundColor[33m:[39m [33mBG_LABEL[39m[33m,[39m fontWeight[33m:[39m [35m700[39m[33m,[39m paddingLeft[33m:[39m [32m'6px'[39m[33m,[39m paddingRight[33m:[39m [32m'6px'[39m })[33m,[39m
 [90m 192 |[39m     [33m...[39moverrides
 [90m 193 |[39m })[33m;[39m[0m
    at constructor (C:\Users\playz\cy\node_modules\@babel\parser\lib\index.js:367:19)
    at TypeScriptParserMixin.raise (C:\Users\playz\cy\node_modules\@babel\parser\lib\index.js:6624:19)
    at TypeScriptScopeHandler.checkRedeclarationInScope (C:\Users\playz\cy\node_modules\@babel\parser\lib\index.js:1646:19)
    at TypeScriptScopeHandler.declareName (C:\Users\playz\cy\node_modules\@babel\parser\lib\index.js:1612:12)
    at TypeScriptScopeHandler.declareName (C:\Users\playz\cy\node_modules\@babel\parser\lib\index.js:4909:11)
    at TypeScriptParserMixin.declareNameFromIdentifier (C:\Users\playz\cy\node_modules\@babel\parser\lib\index.js:7594:16)
    at TypeScriptParserMixin.checkIdentifier (C:\Users\playz\cy\node_modules\@babel\parser\lib\index.js:7590:12)
    at TypeScriptParserMixin.checkLVal (C:\Users\playz\cy\node_modules\@babel\parser\lib\index.js:7527:12)
    at TypeScriptParserMixin.parseVarId (C:\Users\playz\cy\node_modules\@babel\parser\lib\index.js:13488:10)
    at TypeScriptParserMixin.parseVarId (C:\Users\playz\cy\node_modules\@babel\parser\lib\index.js:9805:11)
    at TypeScriptParserMixin.parseVar (C:\Users\playz\cy\node_modules\@babel\parser\lib\index.js:13459:12)
    at TypeScriptParserMixin.parseVarStatement (C:\Users\playz\cy\node_modules\@babel\parser\lib\index.js:13306:10)
    at TypeScriptParserMixin.parseVarStatement (C:\Users\playz\cy\node_modules\@babel\parser\lib\index.js:9469:31)
    at TypeScriptParserMixin.parseStatementContent (C:\Users\playz\cy\node_modules\@babel\parser\lib\index.js:12927:23)
    at TypeScriptParserMixin.parseStatementContent (C:\Users\playz\cy\node_modules\@babel\parser\lib\index.js:9569:18)
    at TypeScriptParserMixin.parseStatementLike (C:\Users\playz\cy\node_modules\@babel\parser\lib\index.js:12843:17)
    at TypeScriptParserMixin.parseModuleItem (C:\Users\playz\cy\node_modules\@babel\parser\lib\index.js:12820:17)
    at TypeScriptParserMixin.parseBlockOrModuleBlockBody (C:\Users\playz\cy\node_modules\@babel\parser\lib\index.js:13392:36)
    at TypeScriptParserMixin.parseBlockBody (C:\Users\playz\cy\node_modules\@babel\parser\lib\index.js:13385:10)
    at TypeScriptParserMixin.parseProgram (C:\Users\playz\cy\node_modules\@babel\parser\lib\index.js:12698:10)
    at TypeScriptParserMixin.parseTopLevel (C:\Users\playz\cy\node_modules\@babel\parser\lib\index.js:12688:25)
    at TypeScriptParserMixin.parse (C:\Users\playz\cy\node_modules\@babel\parser\lib\index.js:14568:25)
    at TypeScriptParserMixin.parse (C:\Users\playz\cy\node_modules\@babel\parser\lib\index.js:10183:18)
    at parse (C:\Users\playz\cy\node_modules\@babel\parser\lib\index.js:14602:38)
    at parser (C:\Users\playz\cy\node_modules\@babel\core\lib\parser\index.js:41:34)
    at parser.next (<anonymous>)
    at normalizeFile (C:\Users\playz\cy\node_modules\@babel\core\lib\transformation\normalize-file.js:64:37)
    at normalizeFile.next (<anonymous>)
    at run (C:\Users\playz\cy\node_modules\@babel\core\lib\transformation\index.js:22:50)
    at run.next (<anonymous>)
    at transform (C:\Users\playz\cy\node_modules\@babel\core\lib\transform.js:22:33)
    at transform.next (<anonymous>)
    at step (C:\Users\playz\cy\node_modules\gensync\index.js:261:32)
    at C:\Users\playz\cy\node_modules\gensync\index.js:273:13
    at async.call.result.err.err (C:\Users\playz\cy\node_modules\gensync\index.js:223:11)

[1m[31mERROR[39m[22m in [1m[eslint] 
src\pages\estimate\EstimatePage.tsx
  Line 363:4:  Parsing [1m[31merror[39m[22m[1m: [1m[31mUnexpected[39m[22m[1m token. [1m[32mDid you mean `{'}'}` or `&rbrace;`?[39m[22m[1m

[39m[22m

webpack compiled with [1m[31m2 errors[39m[22m
Compiling...
Failed to compile.

[eslint] 
src\pages\estimate\EstimatePage.tsx
Syntax error: Unexpected token. Did you mean `{'}'}` or `&rbrace;`? (363:4)
[1m[31mERROR[39m[22m in [1m./src/pages/estimate/EstimatePage.tsx[39m[22m
Module build failed (from ./node_modules/babel-loader/lib/index.js):
SyntaxError: C:\Users\playz\cy\src\pages\estimate\EstimatePage.tsx: Identifier 'labelCellStyle' has already been declared. (190:6)

[0m [90m 188 |[39m [32m`[39m[33m;[39m
 [90m 189 |[39m
[31m[1m>[22m[39m[90m 190 |[39m [36mconst[39m labelCellStyle [33m=[39m (overrides[33m:[39m [33mReact[39m[33m.[39m[33mCSSProperties[39m [33m=[39m {})[33m:[39m [33mReact[39m[33m.[39m[33mCSSProperties[39m [33m=>[39m ({
 [90m     |[39m       [31m[1m^[22m[39m
 [90m 191 |[39m     [33m...[39mcellStyle({ backgroundColor[33m:[39m [33mBG_LABEL[39m[33m,[39m fontWeight[33m:[39m [35m700[39m[33m,[39m paddingLeft[33m:[39m [32m'6px'[39m[33m,[39m paddingRight[33m:[39m [32m'6px'[39m })[33m,[39m
 [90m 192 |[39m     [33m...[39moverrides
 [90m 193 |[39m })[33m;[39m[0m
    at constructor (C:\Users\playz\cy\node_modules\@babel\parser\lib\index.js:367:19)
    at TypeScriptParserMixin.raise (C:\Users\playz\cy\node_modules\@babel\parser\lib\index.js:6624:19)
    at TypeScriptScopeHandler.checkRedeclarationInScope (C:\Users\playz\cy\node_modules\@babel\parser\lib\index.js:1646:19)
    at TypeScriptScopeHandler.declareName (C:\Users\playz\cy\node_modules\@babel\parser\lib\index.js:1612:12)
    at TypeScriptScopeHandler.declareName (C:\Users\playz\cy\node_modules\@babel\parser\lib\index.js:4909:11)
    at TypeScriptParserMixin.declareNameFromIdentifier (C:\Users\playz\cy\node_modules\@babel\parser\lib\index.js:7594:16)
    at TypeScriptParserMixin.checkIdentifier (C:\Users\playz\cy\node_modules\@babel\parser\lib\index.js:7590:12)
    at TypeScriptParserMixin.checkLVal (C:\Users\playz\cy\node_modules\@babel\parser\lib\index.js:7527:12)
    at TypeScriptParserMixin.parseVarId (C:\Users\playz\cy\node_modules\@babel\parser\lib\index.js:13488:10)
    at TypeScriptParserMixin.parseVarId (C:\Users\playz\cy\node_modules\@babel\parser\lib\index.js:9805:11)
    at TypeScriptParserMixin.parseVar (C:\Users\playz\cy\node_modules\@babel\parser\lib\index.js:13459:12)
    at TypeScriptParserMixin.parseVarStatement (C:\Users\playz\cy\node_modules\@babel\parser\lib\index.js:13306:10)
    at TypeScriptParserMixin.parseVarStatement (C:\Users\playz\cy\node_modules\@babel\parser\lib\index.js:9469:31)
    at TypeScriptParserMixin.parseStatementContent (C:\Users\playz\cy\node_modules\@babel\parser\lib\index.js:12927:23)
    at TypeScriptParserMixin.parseStatementContent (C:\Users\playz\cy\node_modules\@babel\parser\lib\index.js:9569:18)
    at TypeScriptParserMixin.parseStatementLike (C:\Users\playz\cy\node_modules\@babel\parser\lib\index.js:12843:17)
    at TypeScriptParserMixin.parseModuleItem (C:\Users\playz\cy\node_modules\@babel\parser\lib\index.js:12820:17)
    at TypeScriptParserMixin.parseBlockOrModuleBlockBody (C:\Users\playz\cy\node_modules\@babel\parser\lib\index.js:13392:36)
    at TypeScriptParserMixin.parseBlockBody (C:\Users\playz\cy\node_modules\@babel\parser\lib\index.js:13385:10)
    at TypeScriptParserMixin.parseProgram (C:\Users\playz\cy\node_modules\@babel\parser\lib\index.js:12698:10)
    at TypeScriptParserMixin.parseTopLevel (C:\Users\playz\cy\node_modules\@babel\parser\lib\index.js:12688:25)
    at TypeScriptParserMixin.parse (C:\Users\playz\cy\node_modules\@babel\parser\lib\index.js:14568:25)
    at TypeScriptParserMixin.parse (C:\Users\playz\cy\node_modules\@babel\parser\lib\index.js:10183:18)
    at parse (C:\Users\playz\cy\node_modules\@babel\parser\lib\index.js:14602:38)
    at parser (C:\Users\playz\cy\node_modules\@babel\core\lib\parser\index.js:41:34)
    at parser.next (<anonymous>)
    at normalizeFile (C:\Users\playz\cy\node_modules\@babel\core\lib\transformation\normalize-file.js:64:37)
    at normalizeFile.next (<anonymous>)
    at run (C:\Users\playz\cy\node_modules\@babel\core\lib\transformation\index.js:22:50)
    at run.next (<anonymous>)
    at transform (C:\Users\playz\cy\node_modules\@babel\core\lib\transform.js:22:33)
    at transform.next (<anonymous>)
    at step (C:\Users\playz\cy\node_modules\gensync\index.js:261:32)
    at C:\Users\playz\cy\node_modules\gensync\index.js:273:13
    at async.call.result.err.err (C:\Users\playz\cy\node_modules\gensync\index.js:223:11)

[1m[31mERROR[39m[22m in [1m[eslint] 
src\pages\estimate\EstimatePage.tsx
  Line 363:4:  Parsing [1m[31merror[39m[22m[1m: [1m[31mUnexpected[39m[22m[1m token. [1m[32mDid you mean `{'}'}` or `&rbrace;`?[39m[22m[1m

[39m[22m

webpack compiled with [1m[31m2 errors[39m[22m
Compiling...
Failed to compile.

[eslint] 
src\pages\estimate\EstimatePage.tsx
Syntax error: Expected corresponding JSX closing tag for 'tr' (365:18)
[1m[31mERROR[39m[22m in [1m./src/pages/estimate/EstimatePage.tsx[39m[22m
Module build failed (from ./node_modules/babel-loader/lib/index.js):
SyntaxError: C:\Users\playz\cy\src\pages\estimate\EstimatePage.tsx: Expected corresponding JSX closing tag for <tr>. (365:16)

[0m [90m 363 |[39m                         [33m<[39m[33m/[39m[33mtr[39m[33m>[39m
 [90m 364 |[39m                     [33m<[39m[33m/[39m[33mtbody[39m[33m>[39m
[31m[1m>[22m[39m[90m 365 |[39m                 [33m<[39m[33m/[39m[33mtable[39m[33m>[39m
 [90m     |[39m                 [31m[1m^[22m[39m
 [90m 366 |[39m             [33m<[39m[33m/[39m[33mdiv[39m[33m>[39m
 [90m 367 |[39m         )[33m;[39m
 [90m 368 |[39m     }[0m
    at constructor (C:\Users\playz\cy\node_modules\@babel\parser\lib\index.js:367:19)
    at TypeScriptParserMixin.raise (C:\Users\playz\cy\node_modules\@babel\parser\lib\index.js:6624:19)
    at TypeScriptParserMixin.jsxParseElementAt (C:\Users\playz\cy\node_modules\@babel\parser\lib\index.js:4756:16)
    at TypeScriptParserMixin.jsxParseElementAt (C:\Users\playz\cy\node_modules\@babel\parser\lib\index.js:4727:32)
    at TypeScriptParserMixin.jsxParseElementAt (C:\Users\playz\cy\node_modules\@babel\parser\lib\index.js:4727:32)
    at TypeScriptParserMixin.jsxParseElementAt (C:\Users\playz\cy\node_modules\@babel\parser\lib\index.js:4727:32)
    at TypeScriptParserMixin.jsxParseElement (C:\Users\playz\cy\node_modules\@babel\parser\lib\index.js:4778:17)
    at TypeScriptParserMixin.parseExprAtom (C:\Users\playz\cy\node_modules\@babel\parser\lib\index.js:4788:19)
    at TypeScriptParserMixin.parseExprSubscripts (C:\Users\playz\cy\node_modules\@babel\parser\lib\index.js:11145:23)
    at TypeScriptParserMixin.parseUpdate (C:\Users\playz\cy\node_modules\@babel\parser\lib\index.js:11130:21)
    at TypeScriptParserMixin.parseMaybeUnary (C:\Users\playz\cy\node_modules\@babel\parser\lib\index.js:11110:23)
    at TypeScriptParserMixin.parseMaybeUnary (C:\Users\playz\cy\node_modules\@babel\parser\lib\index.js:9890:18)
    at TypeScriptParserMixin.parseMaybeUnaryOrPrivate (C:\Users\playz\cy\node_modules\@babel\parser\lib\index.js:10963:61)
    at TypeScriptParserMixin.parseExprOps (C:\Users\playz\cy\node_modules\@babel\parser\lib\index.js:10968:23)
    at TypeScriptParserMixin.parseMaybeConditional (C:\Users\playz\cy\node_modules\@babel\parser\lib\index.js:10945:23)
    at TypeScriptParserMixin.parseMaybeAssign (C:\Users\playz\cy\node_modules\@babel\parser\lib\index.js:10895:21)
    at C:\Users\playz\cy\node_modules\@babel\parser\lib\index.js:9828:39
    at TypeScriptParserMixin.tryParse (C:\Users\playz\cy\node_modules\@babel\parser\lib\index.js:6932:20)
    at TypeScriptParserMixin.parseMaybeAssign (C:\Users\playz\cy\node_modules\@babel\parser\lib\index.js:9828:18)
    at C:\Users\playz\cy\node_modules\@babel\parser\lib\index.js:10864:39
    at TypeScriptParserMixin.allowInAnd (C:\Users\playz\cy\node_modules\@babel\parser\lib\index.js:12500:12)
    at TypeScriptParserMixin.parseMaybeAssignAllowIn (C:\Users\playz\cy\node_modules\@babel\parser\lib\index.js:10864:17)
    at TypeScriptParserMixin.parseMaybeAssignAllowInOrVoidPattern (C:\Users\playz\cy\node_modules\@babel\parser\lib\index.js:12567:17)
    at TypeScriptParserMixin.parseParenAndDistinguishExpression (C:\Users\playz\cy\node_modules\@babel\parser\lib\index.js:11747:28)
    at TypeScriptParserMixin.parseExprAtom (C:\Users\playz\cy\node_modules\@babel\parser\lib\index.js:11395:23)
    at TypeScriptParserMixin.parseExprAtom (C:\Users\playz\cy\node_modules\@babel\parser\lib\index.js:4793:20)
    at TypeScriptParserMixin.parseExprSubscripts (C:\Users\playz\cy\node_modules\@babel\parser\lib\index.js:11145:23)
    at TypeScriptParserMixin.parseUpdate (C:\Users\playz\cy\node_modules\@babel\parser\lib\index.js:11130:21)
    at TypeScriptParserMixin.parseMaybeUnary (C:\Users\playz\cy\node_modules\@babel\parser\lib\index.js:11110:23)
    at TypeScriptParserMixin.parseMaybeUnary (C:\Users\playz\cy\node_modules\@babel\parser\lib\index.js:9890:18)
    at TypeScriptParserMixin.parseMaybeUnaryOrPrivate (C:\Users\playz\cy\node_modules\@babel\parser\lib\index.js:10963:61)
    at TypeScriptParserMixin.parseExprOps (C:\Users\playz\cy\node_modules\@babel\parser\lib\index.js:10968:23)
    at TypeScriptParserMixin.parseMaybeConditional (C:\Users\playz\cy\node_modules\@babel\parser\lib\index.js:10945:23)
    at TypeScriptParserMixin.parseMaybeAssign (C:\Users\playz\cy\node_modules\@babel\parser\lib\index.js:10895:21)
    at TypeScriptParserMixin.parseMaybeAssign (C:\Users\playz\cy\node_modules\@babel\parser\lib\index.js:9839:20)
    at TypeScriptParserMixin.parseExpressionBase (C:\Users\playz\cy\node_modules\@babel\parser\lib\index.js:10848:23)
    at C:\Users\playz\cy\node_modules\@babel\parser\lib\index.js:10844:39
    at TypeScriptParserMixin.allowInAnd (C:\Users\playz\cy\node_modules\@babel\parser\lib\index.js:12495:16)
    at TypeScriptParserMixin.parseExpression (C:\Users\playz\cy\node_modules\@babel\parser\lib\index.js:10844:17)
    at TypeScriptParserMixin.parseReturnStatement (C:\Users\playz\cy\node_modules\@babel\parser\lib\index.js:13218:28)
    at TypeScriptParserMixin.parseStatementContent (C:\Users\playz\cy\node_modules\@babel\parser\lib\index.js:12874:21)
    at TypeScriptParserMixin.parseStatementContent (C:\Users\playz\cy\node_modules\@babel\parser\lib\index.js:9569:18)
    at TypeScriptParserMixin.parseStatementLike (C:\Users\playz\cy\node_modules\@babel\parser\lib\index.js:12843:17)
    at TypeScriptParserMixin.parseStatementListItem (C:\Users\playz\cy\node_modules\@babel\parser\lib\index.js:12823:17)
    at TypeScriptParserMixin.parseBlockOrModuleBlockBody (C:\Users\playz\cy\node_modules\@babel\parser\lib\index.js:13392:61)
    at TypeScriptParserMixin.parseBlockBody (C:\Users\playz\cy\node_modules\@babel\parser\lib\index.js:13385:10)
    at TypeScriptParserMixin.parseBlock (C:\Users\playz\cy\node_modules\@babel\parser\lib\index.js:13373:10)
    at TypeScriptParserMixin.parseStatementContent (C:\Users\playz\cy\node_modules\@babel\parser\lib\index.js:12934:21)
    at TypeScriptParserMixin.parseStatementContent (C:\Users\playz\cy\node_modules\@babel\parser\lib\index.js:9569:18)
    at TypeScriptParserMixin.parseStatementLike (C:\Users\playz\cy\node_modules\@babel\parser\lib\index.js:12843:17)

[1m[31mERROR[39m[22m in [1m[eslint] 
src\pages\estimate\EstimatePage.tsx
  Line 365:18:  Parsing [1m[31merror[39m[22m[1m: Expected corresponding JSX closing tag for 'tr'

[39m[22m

webpack compiled with [1m[31m2 errors[39m[22m
Compiling...
Failed to compile.

[eslint] 
src\pages\estimate\EstimatePage.tsx
Syntax error: Unexpected token. Did you mean `{'}'}` or `&rbrace;`? (514:undefined)
[1m[31mERROR[39m[22m in [1m./src/pages/estimate/EstimatePage.tsx[39m[22m
Module build failed (from ./node_modules/babel-loader/lib/index.js):
SyntaxError: C:\Users\playz\cy\src\pages\estimate\EstimatePage.tsx: Unexpected token (517:4)

[0m [90m 515 |[39m
 [90m 516 |[39m [36mconst[39m [33mTransactionTable[39m [33m=[39m [33mReact[39m[33m.[39mmemo(({ draft[33m,[39m itemsWithCalc[33m,[39m isEdit[33m,[39m updateItem[33m,[39m addEmptyItem[33m,[39m setDraft }[33m:[39m any) [33m=>[39m {
[31m[1m>[22m[39m[90m 517 |[39m     [36mconst[39m inputStyle[33m:[39m [33mReact[39m[33m.[39m[33mCSSProperties[39m [33m=[39m { width[33m:[39m [32m'100%'[39m[33m,[39m border[33m:[39m [32m'none'[39m[33m,[39m outline[33m:[39m [32m'none'[39m[33m,[39m background[33m:[39m [32m'transparent'[39m[33m,[39m fontFamily[33m:[39m [33mEXCEL_FONT[39m[33m,[39m fontSize[33m:[39m [32m'9pt'[39m[33m,[39m textAlign[33m:[39m [32m'center'[39m }[33m;[39m
 [90m     |[39m     [31m[1m^[22m[39m
 [90m 518 |[39m     [36mconst[39m vatRate [33m=[39m draft[33m.[39mvatRate [33m||[39m [35m10[39m[33m;[39m
 [90m 519 |[39m     [36mreturn[39m (
 [90m 520 |[39m         [33m<[39m[33mdiv[39m style[33m=[39m{tableWrapperStyle}[33m>[39m[0m
    at constructor (C:\Users\playz\cy\node_modules\@babel\parser\lib\index.js:367:19)
    at TypeScriptParserMixin.raise (C:\Users\playz\cy\node_modules\@babel\parser\lib\index.js:6624:19)
    at TypeScriptParserMixin.unexpected (C:\Users\playz\cy\node_modules\@babel\parser\lib\index.js:6644:16)
    at TypeScriptParserMixin.parseExprAtom (C:\Users\playz\cy\node_modules\@babel\parser\lib\index.js:11508:22)
    at TypeScriptParserMixin.parseExprAtom (C:\Users\playz\cy\node_modules\@babel\parser\lib\index.js:4793:20)
    at TypeScriptParserMixin.parseExprSubscripts (C:\Users\playz\cy\node_modules\@babel\parser\lib\index.js:11145:23)
    at TypeScriptParserMixin.parseUpdate (C:\Users\playz\cy\node_modules\@babel\parser\lib\index.js:11130:21)
    at TypeScriptParserMixin.parseMaybeUnary (C:\Users\playz\cy\node_modules\@babel\parser\lib\index.js:11110:23)
    at TypeScriptParserMixin.parseMaybeUnary (C:\Users\playz\cy\node_modules\@babel\parser\lib\index.js:9890:18)
    at TypeScriptParserMixin.parseMaybeUnaryOrPrivate (C:\Users\playz\cy\node_modules\@babel\parser\lib\index.js:10963:61)
    at TypeScriptParserMixin.parseExprOps (C:\Users\playz\cy\node_modules\@babel\parser\lib\index.js:10968:23)
    at TypeScriptParserMixin.parseMaybeConditional (C:\Users\playz\cy\node_modules\@babel\parser\lib\index.js:10945:23)
    at TypeScriptParserMixin.parseMaybeAssign (C:\Users\playz\cy\node_modules\@babel\parser\lib\index.js:10895:21)
    at TypeScriptParserMixin.parseMaybeAssign (C:\Users\playz\cy\node_modules\@babel\parser\lib\index.js:9839:20)
    at TypeScriptParserMixin.parseExpressionBase (C:\Users\playz\cy\node_modules\@babel\parser\lib\index.js:10848:23)
    at C:\Users\playz\cy\node_modules\@babel\parser\lib\index.js:10844:39
    at TypeScriptParserMixin.allowInAnd (C:\Users\playz\cy\node_modules\@babel\parser\lib\index.js:12500:12)
    at TypeScriptParserMixin.parseExpression (C:\Users\playz\cy\node_modules\@babel\parser\lib\index.js:10844:17)
    at TypeScriptParserMixin.jsxParseExpressionContainer (C:\Users\playz\cy\node_modules\@babel\parser\lib\index.js:4661:31)
    at TypeScriptParserMixin.jsxParseElementAt (C:\Users\playz\cy\node_modules\@babel\parser\lib\index.js:4740:36)
    at TypeScriptParserMixin.jsxParseElement (C:\Users\playz\cy\node_modules\@babel\parser\lib\index.js:4778:17)
    at TypeScriptParserMixin.parseExprAtom (C:\Users\playz\cy\node_modules\@babel\parser\lib\index.js:4788:19)
    at TypeScriptParserMixin.parseExprSubscripts (C:\Users\playz\cy\node_modules\@babel\parser\lib\index.js:11145:23)
    at TypeScriptParserMixin.parseUpdate (C:\Users\playz\cy\node_modules\@babel\parser\lib\index.js:11130:21)
    at TypeScriptParserMixin.parseMaybeUnary (C:\Users\playz\cy\node_modules\@babel\parser\lib\index.js:11110:23)
    at TypeScriptParserMixin.parseMaybeUnary (C:\Users\playz\cy\node_modules\@babel\parser\lib\index.js:9890:18)
    at TypeScriptParserMixin.parseMaybeUnaryOrPrivate (C:\Users\playz\cy\node_modules\@babel\parser\lib\index.js:10963:61)
    at TypeScriptParserMixin.parseExprOps (C:\Users\playz\cy\node_modules\@babel\parser\lib\index.js:10968:23)
    at TypeScriptParserMixin.parseMaybeConditional (C:\Users\playz\cy\node_modules\@babel\parser\lib\index.js:10945:23)
    at TypeScriptParserMixin.parseMaybeAssign (C:\Users\playz\cy\node_modules\@babel\parser\lib\index.js:10895:21)
    at C:\Users\playz\cy\node_modules\@babel\parser\lib\index.js:9828:39
    at TypeScriptParserMixin.tryParse (C:\Users\playz\cy\node_modules\@babel\parser\lib\index.js:6932:20)
    at TypeScriptParserMixin.parseMaybeAssign (C:\Users\playz\cy\node_modules\@babel\parser\lib\index.js:9828:18)
    at C:\Users\playz\cy\node_modules\@babel\parser\lib\index.js:10864:39
    at TypeScriptParserMixin.allowInAnd (C:\Users\playz\cy\node_modules\@babel\parser\lib\index.js:12500:12)
    at TypeScriptParserMixin.parseMaybeAssignAllowIn (C:\Users\playz\cy\node_modules\@babel\parser\lib\index.js:10864:17)
    at TypeScriptParserMixin.parseMaybeAssignAllowInOrVoidPattern (C:\Users\playz\cy\node_modules\@babel\parser\lib\index.js:12567:17)
    at TypeScriptParserMixin.parseParenAndDistinguishExpression (C:\Users\playz\cy\node_modules\@babel\parser\lib\index.js:11747:28)
    at TypeScriptParserMixin.parseExprAtom (C:\Users\playz\cy\node_modules\@babel\parser\lib\index.js:11395:23)
    at TypeScriptParserMixin.parseExprAtom (C:\Users\playz\cy\node_modules\@babel\parser\lib\index.js:4793:20)
    at TypeScriptParserMixin.parseExprSubscripts (C:\Users\playz\cy\node_modules\@babel\parser\lib\index.js:11145:23)
    at TypeScriptParserMixin.parseUpdate (C:\Users\playz\cy\node_modules\@babel\parser\lib\index.js:11130:21)
    at TypeScriptParserMixin.parseMaybeUnary (C:\Users\playz\cy\node_modules\@babel\parser\lib\index.js:11110:23)
    at TypeScriptParserMixin.parseMaybeUnary (C:\Users\playz\cy\node_modules\@babel\parser\lib\index.js:9890:18)
    at TypeScriptParserMixin.parseMaybeUnaryOrPrivate (C:\Users\playz\cy\node_modules\@babel\parser\lib\index.js:10963:61)
    at TypeScriptParserMixin.parseExprOps (C:\Users\playz\cy\node_modules\@babel\parser\lib\index.js:10968:23)
    at TypeScriptParserMixin.parseMaybeConditional (C:\Users\playz\cy\node_modules\@babel\parser\lib\index.js:10945:23)
    at TypeScriptParserMixin.parseMaybeAssign (C:\Users\playz\cy\node_modules\@babel\parser\lib\index.js:10895:21)
    at TypeScriptParserMixin.parseMaybeAssign (C:\Users\playz\cy\node_modules\@babel\parser\lib\index.js:9839:20)
    at TypeScriptParserMixin.parseExpressionBase (C:\Users\playz\cy\node_modules\@babel\parser\lib\index.js:10848:23)

[1m[31mERROR[39m[22m in [1m[eslint] 
src\pages\estimate\EstimatePage.tsx
  Line 514:  Parsing [1m[31merror[39m[22m[1m: [1m[31mUnexpected[39m[22m[1m token. [1m[32mDid you mean `{'}'}` or `&rbrace;`?[39m[22m[1m

[39m[22m

webpack compiled with [1m[31m2 errors[39m[22m
Compiling...
Compiled successfully!
webpack compiled [1m[32msuccessfully[39m[22m
No issues found.
Compiling...
Compiled successfully!
webpack compiled [1m[32msuccessfully[39m[22m
No issues found.
Compiling...
Compiled successfully!
webpack compiled [1m[32msuccessfully[39m[22m
No issues found.
Compiling...
Compiled successfully!
webpack compiled [1m[32msuccessfully[39m[22m
No issues found.
Compiling...
Compiled successfully!
webpack compiled [1m[32msuccessfully[39m[22m
No issues found.
Compiling...
Compiled successfully!
webpack compiled [1m[32msuccessfully[39m[22m
No issues found.
Compiling...
Compiled successfully!
webpack compiled [1m[32msuccessfully[39m[22m
No issues found.
Compiling...
Compiled successfully!
webpack compiled [1m[32msuccessfully[39m[22m
No issues found.
Compiling...
Compiled successfully!
webpack compiled [1m[32msuccessfully[39m[22m
No issues found.
Compiling...
Compiled successfully!
webpack compiled [1m[32msuccessfully[39m[22m
No issues found.
Compiling...
Compiled successfully!
webpack compiled [1m[32msuccessfully[39m[22m
No issues found.
Compiling...
Compiled successfully!
webpack compiled [1m[32msuccessfully[39m[22m
No issues found.
Compiling...
Compiled successfully!
webpack compiled [1m[32msuccessfully[39m[22m
No issues found.
Compiling...
Compiled successfully!
webpack compiled [1m[32msuccessfully[39m[22m
No issues found.
Compiling...
Compiled successfully!
webpack compiled [1m[32msuccessfully[39m[22m
No issues found.
Compiling...
Compiled successfully!
webpack compiled [1m[32msuccessfully[39m[22m
No issues found.
Compiling...
Compiled successfully!
webpack compiled [1m[32msuccessfully[39m[22m
No issues found.
Compiling...
Compiled successfully!
webpack compiled [1m[32msuccessfully[39m[22m
No issues found.
Compiling...
Compiled successfully!
webpack compiled [1m[32msuccessfully[39m[22m
No issues found.
Compiling...
Failed to compile.

[eslint] 
src\pages\estimate\EstimatePage.tsx
Syntax error: ',' expected (729:60)
[1m[31mERROR[39m[22m in [1m./src/pages/estimate/EstimatePage.tsx[39m[22m
Module build failed (from ./node_modules/babel-loader/lib/index.js):
SyntaxError: C:\Users\playz\cy\src\pages\estimate\EstimatePage.tsx: Unexpected token, expected "," (729:60)

[0m [90m 727 |[39m     }[33m;[39m
 [90m 728 |[39m
[31m[1m>[22m[39m[90m 729 |[39m     [36mconst[39m deleteEstimate [33m=[39m [36masync[39m (e[33m:[39m [33mReact[39m[33m.[39m[33mMouseEvent[39m[33m,[39m e    [36mconst[39m renderContent [33m=[39m () [33m=>[39m {
 [90m     |[39m                                                             [31m[1m^[22m[39m
 [90m 730 |[39m         [90m// Only edit and transaction-edit modes remain[39m
 [90m 731 |[39m        [36mconst[39m low [33m=[39m searchText[33m.[39mtoLowerCase()[33m;[39m
 [90m 732 |[39m         [36mreturn[39m estimates[33m.[39mfilter(e [33m=>[39m [0m
    at constructor (C:\Users\playz\cy\node_modules\@babel\parser\lib\index.js:367:19)
    at TypeScriptParserMixin.raise (C:\Users\playz\cy\node_modules\@babel\parser\lib\index.js:6624:19)
    at TypeScriptParserMixin.unexpected (C:\Users\playz\cy\node_modules\@babel\parser\lib\index.js:6644:16)
    at TypeScriptParserMixin.expect (C:\Users\playz\cy\node_modules\@babel\parser\lib\index.js:6924:12)
    at TypeScriptParserMixin.parseCallExpressionArguments (C:\Users\playz\cy\node_modules\@babel\parser\lib\index.js:11307:14)
    at TypeScriptParserMixin.parseCoverCallAndAsyncArrowHead (C:\Users\playz\cy\node_modules\@babel\parser\lib\index.js:11250:29)
    at TypeScriptParserMixin.parseSubscript (C:\Users\playz\cy\node_modules\@babel\parser\lib\index.js:11184:19)
    at TypeScriptParserMixin.parseSubscript (C:\Users\playz\cy\node_modules\@babel\parser\lib\index.js:9329:18)
    at TypeScriptParserMixin.parseSubscripts (C:\Users\playz\cy\node_modules\@babel\parser\lib\index.js:11158:19)
    at TypeScriptParserMixin.parseExprSubscripts (C:\Users\playz\cy\node_modules\@babel\parser\lib\index.js:11149:17)
    at TypeScriptParserMixin.parseUpdate (C:\Users\playz\cy\node_modules\@babel\parser\lib\index.js:11130:21)
    at TypeScriptParserMixin.parseMaybeUnary (C:\Users\playz\cy\node_modules\@babel\parser\lib\index.js:11110:23)
    at TypeScriptParserMixin.parseMaybeUnary (C:\Users\playz\cy\node_modules\@babel\parser\lib\index.js:9890:18)
    at TypeScriptParserMixin.parseMaybeUnaryOrPrivate (C:\Users\playz\cy\node_modules\@babel\parser\lib\index.js:10963:61)
    at TypeScriptParserMixin.parseExprOps (C:\Users\playz\cy\node_modules\@babel\parser\lib\index.js:10968:23)
    at TypeScriptParserMixin.parseMaybeConditional (C:\Users\playz\cy\node_modules\@babel\parser\lib\index.js:10945:23)
    at TypeScriptParserMixin.parseMaybeAssign (C:\Users\playz\cy\node_modules\@babel\parser\lib\index.js:10895:21)
    at TypeScriptParserMixin.parseMaybeAssign (C:\Users\playz\cy\node_modules\@babel\parser\lib\index.js:9839:20)
    at C:\Users\playz\cy\node_modules\@babel\parser\lib\index.js:10864:39
    at TypeScriptParserMixin.allowInAnd (C:\Users\playz\cy\node_modules\@babel\parser\lib\index.js:12495:16)
    at TypeScriptParserMixin.parseMaybeAssignAllowIn (C:\Users\playz\cy\node_modules\@babel\parser\lib\index.js:10864:17)
    at TypeScriptParserMixin.parseVar (C:\Users\playz\cy\node_modules\@babel\parser\lib\index.js:13460:91)
    at TypeScriptParserMixin.parseVarStatement (C:\Users\playz\cy\node_modules\@babel\parser\lib\index.js:13306:10)
    at TypeScriptParserMixin.parseVarStatement (C:\Users\playz\cy\node_modules\@babel\parser\lib\index.js:9469:31)
    at TypeScriptParserMixin.parseStatementContent (C:\Users\playz\cy\node_modules\@babel\parser\lib\index.js:12927:23)
    at TypeScriptParserMixin.parseStatementContent (C:\Users\playz\cy\node_modules\@babel\parser\lib\index.js:9569:18)
    at TypeScriptParserMixin.parseStatementLike (C:\Users\playz\cy\node_modules\@babel\parser\lib\index.js:12843:17)
    at TypeScriptParserMixin.parseStatementListItem (C:\Users\playz\cy\node_modules\@babel\parser\lib\index.js:12823:17)
    at TypeScriptParserMixin.parseBlockOrModuleBlockBody (C:\Users\playz\cy\node_modules\@babel\parser\lib\index.js:13392:61)
    at TypeScriptParserMixin.parseBlockBody (C:\Users\playz\cy\node_modules\@babel\parser\lib\index.js:13385:10)
    at TypeScriptParserMixin.parseBlock (C:\Users\playz\cy\node_modules\@babel\parser\lib\index.js:13373:10)
    at TypeScriptParserMixin.parseFunctionBody (C:\Users\playz\cy\node_modules\@babel\parser\lib\index.js:12174:24)
    at TypeScriptParserMixin.parseArrowExpression (C:\Users\playz\cy\node_modules\@babel\parser\lib\index.js:12149:10)
    at TypeScriptParserMixin.parseParenAndDistinguishExpression (C:\Users\playz\cy\node_modules\@babel\parser\lib\index.js:11759:12)
    at TypeScriptParserMixin.parseExprAtom (C:\Users\playz\cy\node_modules\@babel\parser\lib\index.js:11395:23)
    at TypeScriptParserMixin.parseExprAtom (C:\Users\playz\cy\node_modules\@babel\parser\lib\index.js:4793:20)
    at TypeScriptParserMixin.parseExprSubscripts (C:\Users\playz\cy\node_modules\@babel\parser\lib\index.js:11145:23)
    at TypeScriptParserMixin.parseUpdate (C:\Users\playz\cy\node_modules\@babel\parser\lib\index.js:11130:21)
    at TypeScriptParserMixin.parseMaybeUnary (C:\Users\playz\cy\node_modules\@babel\parser\lib\index.js:11110:23)
    at TypeScriptParserMixin.parseMaybeUnary (C:\Users\playz\cy\node_modules\@babel\parser\lib\index.js:9890:18)
    at TypeScriptParserMixin.parseMaybeUnaryOrPrivate (C:\Users\playz\cy\node_modules\@babel\parser\lib\index.js:10963:61)
    at TypeScriptParserMixin.parseExprOps (C:\Users\playz\cy\node_modules\@babel\parser\lib\index.js:10968:23)
    at TypeScriptParserMixin.parseMaybeConditional (C:\Users\playz\cy\node_modules\@babel\parser\lib\index.js:10945:23)
    at TypeScriptParserMixin.parseMaybeAssign (C:\Users\playz\cy\node_modules\@babel\parser\lib\index.js:10895:21)
    at TypeScriptParserMixin.parseMaybeAssign (C:\Users\playz\cy\node_modules\@babel\parser\lib\index.js:9839:20)
    at C:\Users\playz\cy\node_modules\@babel\parser\lib\index.js:10864:39
    at TypeScriptParserMixin.allowInAnd (C:\Users\playz\cy\node_modules\@babel\parser\lib\index.js:12495:16)
    at TypeScriptParserMixin.parseMaybeAssignAllowIn (C:\Users\playz\cy\node_modules\@babel\parser\lib\index.js:10864:17)
    at TypeScriptParserMixin.parseVar (C:\Users\playz\cy\node_modules\@babel\parser\lib\index.js:13460:91)
    at TypeScriptParserMixin.parseVarStatement (C:\Users\playz\cy\node_modules\@babel\parser\lib\index.js:13306:10)

[1m[31mERROR[39m[22m in [1m[eslint] 
src\pages\estimate\EstimatePage.tsx
  Line 729:60:  Parsing [1m[31merror[39m[22m[1m: ',' expected

[39m[22m

webpack compiled with [1m[31m2 errors[39m[22m
Compiling...
Failed to compile.

[eslint] 
src\pages\estimate\EstimatePage.tsx
Syntax error: ',' expected (729:60)
[1m[31mERROR[39m[22m in [1m./src/pages/estimate/EstimatePage.tsx[39m[22m
Module build failed (from ./node_modules/babel-loader/lib/index.js):
SyntaxError: C:\Users\playz\cy\src\pages\estimate\EstimatePage.tsx: Unexpected token, expected "," (729:60)

[0m [90m 727 |[39m     }[33m;[39m
 [90m 728 |[39m
[31m[1m>[22m[39m[90m 729 |[39m     [36mconst[39m deleteEstimate [33m=[39m [36masync[39m (e[33m:[39m [33mReact[39m[33m.[39m[33mMouseEvent[39m[33m,[39m e    [36mconst[39m renderContent [33m=[39m () [33m=>[39m {
 [90m     |[39m                                                             [31m[1m^[22m[39m
 [90m 730 |[39m         [90m// Only edit and transaction-edit modes remain[39m
 [90m 731 |[39m        [36mconst[39m low [33m=[39m searchText[33m.[39mtoLowerCase()[33m;[39m
 [90m 732 |[39m         [36mreturn[39m estimates[33m.[39mfilter(e [33m=>[39m [0m
    at constructor (C:\Users\playz\cy\node_modules\@babel\parser\lib\index.js:367:19)
    at TypeScriptParserMixin.raise (C:\Users\playz\cy\node_modules\@babel\parser\lib\index.js:6624:19)
    at TypeScriptParserMixin.unexpected (C:\Users\playz\cy\node_modules\@babel\parser\lib\index.js:6644:16)
    at TypeScriptParserMixin.expect (C:\Users\playz\cy\node_modules\@babel\parser\lib\index.js:6924:12)
    at TypeScriptParserMixin.parseCallExpressionArguments (C:\Users\playz\cy\node_modules\@babel\parser\lib\index.js:11307:14)
    at TypeScriptParserMixin.parseCoverCallAndAsyncArrowHead (C:\Users\playz\cy\node_modules\@babel\parser\lib\index.js:11250:29)
    at TypeScriptParserMixin.parseSubscript (C:\Users\playz\cy\node_modules\@babel\parser\lib\index.js:11184:19)
    at TypeScriptParserMixin.parseSubscript (C:\Users\playz\cy\node_modules\@babel\parser\lib\index.js:9329:18)
    at TypeScriptParserMixin.parseSubscripts (C:\Users\playz\cy\node_modules\@babel\parser\lib\index.js:11158:19)
    at TypeScriptParserMixin.parseExprSubscripts (C:\Users\playz\cy\node_modules\@babel\parser\lib\index.js:11149:17)
    at TypeScriptParserMixin.parseUpdate (C:\Users\playz\cy\node_modules\@babel\parser\lib\index.js:11130:21)
    at TypeScriptParserMixin.parseMaybeUnary (C:\Users\playz\cy\node_modules\@babel\parser\lib\index.js:11110:23)
    at TypeScriptParserMixin.parseMaybeUnary (C:\Users\playz\cy\node_modules\@babel\parser\lib\index.js:9890:18)
    at TypeScriptParserMixin.parseMaybeUnaryOrPrivate (C:\Users\playz\cy\node_modules\@babel\parser\lib\index.js:10963:61)
    at TypeScriptParserMixin.parseExprOps (C:\Users\playz\cy\node_modules\@babel\parser\lib\index.js:10968:23)
    at TypeScriptParserMixin.parseMaybeConditional (C:\Users\playz\cy\node_modules\@babel\parser\lib\index.js:10945:23)
    at TypeScriptParserMixin.parseMaybeAssign (C:\Users\playz\cy\node_modules\@babel\parser\lib\index.js:10895:21)
    at TypeScriptParserMixin.parseMaybeAssign (C:\Users\playz\cy\node_modules\@babel\parser\lib\index.js:9839:20)
    at C:\Users\playz\cy\node_modules\@babel\parser\lib\index.js:10864:39
    at TypeScriptParserMixin.allowInAnd (C:\Users\playz\cy\node_modules\@babel\parser\lib\index.js:12495:16)
    at TypeScriptParserMixin.parseMaybeAssignAllowIn (C:\Users\playz\cy\node_modules\@babel\parser\lib\index.js:10864:17)
    at TypeScriptParserMixin.parseVar (C:\Users\playz\cy\node_modules\@babel\parser\lib\index.js:13460:91)
    at TypeScriptParserMixin.parseVarStatement (C:\Users\playz\cy\node_modules\@babel\parser\lib\index.js:13306:10)
    at TypeScriptParserMixin.parseVarStatement (C:\Users\playz\cy\node_modules\@babel\parser\lib\index.js:9469:31)
    at TypeScriptParserMixin.parseStatementContent (C:\Users\playz\cy\node_modules\@babel\parser\lib\index.js:12927:23)
    at TypeScriptParserMixin.parseStatementContent (C:\Users\playz\cy\node_modules\@babel\parser\lib\index.js:9569:18)
    at TypeScriptParserMixin.parseStatementLike (C:\Users\playz\cy\node_modules\@babel\parser\lib\index.js:12843:17)
    at TypeScriptParserMixin.parseStatementListItem (C:\Users\playz\cy\node_modules\@babel\parser\lib\index.js:12823:17)
    at TypeScriptParserMixin.parseBlockOrModuleBlockBody (C:\Users\playz\cy\node_modules\@babel\parser\lib\index.js:13392:61)
    at TypeScriptParserMixin.parseBlockBody (C:\Users\playz\cy\node_modules\@babel\parser\lib\index.js:13385:10)
    at TypeScriptParserMixin.parseBlock (C:\Users\playz\cy\node_modules\@babel\parser\lib\index.js:13373:10)
    at TypeScriptParserMixin.parseFunctionBody (C:\Users\playz\cy\node_modules\@babel\parser\lib\index.js:12174:24)
    at TypeScriptParserMixin.parseArrowExpression (C:\Users\playz\cy\node_modules\@babel\parser\lib\index.js:12149:10)
    at TypeScriptParserMixin.parseParenAndDistinguishExpression (C:\Users\playz\cy\node_modules\@babel\parser\lib\index.js:11759:12)
    at TypeScriptParserMixin.parseExprAtom (C:\Users\playz\cy\node_modules\@babel\parser\lib\index.js:11395:23)
    at TypeScriptParserMixin.parseExprAtom (C:\Users\playz\cy\node_modules\@babel\parser\lib\index.js:4793:20)
    at TypeScriptParserMixin.parseExprSubscripts (C:\Users\playz\cy\node_modules\@babel\parser\lib\index.js:11145:23)
    at TypeScriptParserMixin.parseUpdate (C:\Users\playz\cy\node_modules\@babel\parser\lib\index.js:11130:21)
    at TypeScriptParserMixin.parseMaybeUnary (C:\Users\playz\cy\node_modules\@babel\parser\lib\index.js:11110:23)
    at TypeScriptParserMixin.parseMaybeUnary (C:\Users\playz\cy\node_modules\@babel\parser\lib\index.js:9890:18)
    at TypeScriptParserMixin.parseMaybeUnaryOrPrivate (C:\Users\playz\cy\node_modules\@babel\parser\lib\index.js:10963:61)
    at TypeScriptParserMixin.parseExprOps (C:\Users\playz\cy\node_modules\@babel\parser\lib\index.js:10968:23)
    at TypeScriptParserMixin.parseMaybeConditional (C:\Users\playz\cy\node_modules\@babel\parser\lib\index.js:10945:23)
    at TypeScriptParserMixin.parseMaybeAssign (C:\Users\playz\cy\node_modules\@babel\parser\lib\index.js:10895:21)
    at TypeScriptParserMixin.parseMaybeAssign (C:\Users\playz\cy\node_modules\@babel\parser\lib\index.js:9839:20)
    at C:\Users\playz\cy\node_modules\@babel\parser\lib\index.js:10864:39
    at TypeScriptParserMixin.allowInAnd (C:\Users\playz\cy\node_modules\@babel\parser\lib\index.js:12495:16)
    at TypeScriptParserMixin.parseMaybeAssignAllowIn (C:\Users\playz\cy\node_modules\@babel\parser\lib\index.js:10864:17)
    at TypeScriptParserMixin.parseVar (C:\Users\playz\cy\node_modules\@babel\parser\lib\index.js:13460:91)
    at TypeScriptParserMixin.parseVarStatement (C:\Users\playz\cy\node_modules\@babel\parser\lib\index.js:13306:10)

[1m[31mERROR[39m[22m in [1m[eslint] 
src\pages\estimate\EstimatePage.tsx
  Line 729:60:  Parsing [1m[31merror[39m[22m[1m: ',' expected

[39m[22m

webpack compiled with [1m[31m2 errors[39m[22m
Files successfully emitted, waiting for typecheck results...
Issues checking in progress...
Compiling...
Compiled successfully!
webpack compiled [1m[32msuccessfully[39m[22m
No issues found.
Compiling...
Compiled successfully!
webpack compiled [1m[32msuccessfully[39m[22m
No issues found.
Compiling...
Failed to compile.

[eslint] 
src\pages\estimate\EstimatePage.tsx
Syntax error: Expression expected (343:4)
[1m[31mERROR[39m[22m in [1m./src/pages/estimate/EstimatePage.tsx[39m[22m
Module build failed (from ./node_modules/babel-loader/lib/index.js):
SyntaxError: C:\Users\playz\cy\src\pages\estimate\EstimatePage.tsx: Unexpected token (343:4)

[0m [90m 341 |[39m         [36mconst[39m vatAmt [33m=[39m subtotal [33m?[39m [33mMath[39m[33m.[39mround(subtotal [33m*[39m (vatRate [33m/[39m [35m100[39m)) [33m:[39m [35m0[39m[33m;[39m
 [90m 342 |[39m         [36mreturn[39m (
[31m[1m>[22m[39m[90m 343 |[39m     [36mreturn[39m (
 [90m     |[39m     [31m[1m^[22m[39m
 [90m 344 |[39m         [33m<[39m[33mdiv[39m style[33m=[39m{{ [33m...[39mtableWrapperStyle[33m,[39m marginBottom[33m:[39m [32m'20px'[39m }}[33m>[39m
 [90m 345 |[39m             [33m<[39m[33mtable[39m style[33m=[39m{{ width[33m:[39m [32m'100%'[39m[33m,[39m borderCollapse[33m:[39m [32m'collapse'[39m[33m,[39m tableLayout[33m:[39m [32m'fixed'[39m }}[33m>[39m
 [90m 346 |[39m                 [33m<[39m[33mcolgroup[39m[33m>[39m[0m
    at constructor (C:\Users\playz\cy\node_modules\@babel\parser\lib\index.js:367:19)
    at TypeScriptParserMixin.raise (C:\Users\playz\cy\node_modules\@babel\parser\lib\index.js:6624:19)
    at TypeScriptParserMixin.unexpected (C:\Users\playz\cy\node_modules\@babel\parser\lib\index.js:6644:16)
    at TypeScriptParserMixin.parseExprAtom (C:\Users\playz\cy\node_modules\@babel\parser\lib\index.js:11508:22)
    at TypeScriptParserMixin.parseExprAtom (C:\Users\playz\cy\node_modules\@babel\parser\lib\index.js:4793:20)
    at TypeScriptParserMixin.parseExprSubscripts (C:\Users\playz\cy\node_modules\@babel\parser\lib\index.js:11145:23)
    at TypeScriptParserMixin.parseUpdate (C:\Users\playz\cy\node_modules\@babel\parser\lib\index.js:11130:21)
    at TypeScriptParserMixin.parseMaybeUnary (C:\Users\playz\cy\node_modules\@babel\parser\lib\index.js:11110:23)
    at TypeScriptParserMixin.parseMaybeUnary (C:\Users\playz\cy\node_modules\@babel\parser\lib\index.js:9890:18)
    at TypeScriptParserMixin.parseMaybeUnaryOrPrivate (C:\Users\playz\cy\node_modules\@babel\parser\lib\index.js:10963:61)
    at TypeScriptParserMixin.parseExprOps (C:\Users\playz\cy\node_modules\@babel\parser\lib\index.js:10968:23)
    at TypeScriptParserMixin.parseMaybeConditional (C:\Users\playz\cy\node_modules\@babel\parser\lib\index.js:10945:23)
    at TypeScriptParserMixin.parseMaybeAssign (C:\Users\playz\cy\node_modules\@babel\parser\lib\index.js:10895:21)
    at TypeScriptParserMixin.parseMaybeAssign (C:\Users\playz\cy\node_modules\@babel\parser\lib\index.js:9839:20)
    at C:\Users\playz\cy\node_modules\@babel\parser\lib\index.js:10864:39
    at TypeScriptParserMixin.allowInAnd (C:\Users\playz\cy\node_modules\@babel\parser\lib\index.js:12500:12)
    at TypeScriptParserMixin.parseMaybeAssignAllowIn (C:\Users\playz\cy\node_modules\@babel\parser\lib\index.js:10864:17)
    at TypeScriptParserMixin.parseMaybeAssignAllowInOrVoidPattern (C:\Users\playz\cy\node_modules\@babel\parser\lib\index.js:12567:17)
    at TypeScriptParserMixin.parseParenAndDistinguishExpression (C:\Users\playz\cy\node_modules\@babel\parser\lib\index.js:11747:28)
    at TypeScriptParserMixin.parseExprAtom (C:\Users\playz\cy\node_modules\@babel\parser\lib\index.js:11395:23)
    at TypeScriptParserMixin.parseExprAtom (C:\Users\playz\cy\node_modules\@babel\parser\lib\index.js:4793:20)
    at TypeScriptParserMixin.parseExprSubscripts (C:\Users\playz\cy\node_modules\@babel\parser\lib\index.js:11145:23)
    at TypeScriptParserMixin.parseUpdate (C:\Users\playz\cy\node_modules\@babel\parser\lib\index.js:11130:21)
    at TypeScriptParserMixin.parseMaybeUnary (C:\Users\playz\cy\node_modules\@babel\parser\lib\index.js:11110:23)
    at TypeScriptParserMixin.parseMaybeUnary (C:\Users\playz\cy\node_modules\@babel\parser\lib\index.js:9890:18)
    at TypeScriptParserMixin.parseMaybeUnaryOrPrivate (C:\Users\playz\cy\node_modules\@babel\parser\lib\index.js:10963:61)
    at TypeScriptParserMixin.parseExprOps (C:\Users\playz\cy\node_modules\@babel\parser\lib\index.js:10968:23)
    at TypeScriptParserMixin.parseMaybeConditional (C:\Users\playz\cy\node_modules\@babel\parser\lib\index.js:10945:23)
    at TypeScriptParserMixin.parseMaybeAssign (C:\Users\playz\cy\node_modules\@babel\parser\lib\index.js:10895:21)
    at TypeScriptParserMixin.parseMaybeAssign (C:\Users\playz\cy\node_modules\@babel\parser\lib\index.js:9839:20)
    at TypeScriptParserMixin.parseExpressionBase (C:\Users\playz\cy\node_modules\@babel\parser\lib\index.js:10848:23)
    at C:\Users\playz\cy\node_modules\@babel\parser\lib\index.js:10844:39
    at TypeScriptParserMixin.allowInAnd (C:\Users\playz\cy\node_modules\@babel\parser\lib\index.js:12495:16)
    at TypeScriptParserMixin.parseExpression (C:\Users\playz\cy\node_modules\@babel\parser\lib\index.js:10844:17)
    at TypeScriptParserMixin.parseReturnStatement (C:\Users\playz\cy\node_modules\@babel\parser\lib\index.js:13218:28)
    at TypeScriptParserMixin.parseStatementContent (C:\Users\playz\cy\node_modules\@babel\parser\lib\index.js:12874:21)
    at TypeScriptParserMixin.parseStatementContent (C:\Users\playz\cy\node_modules\@babel\parser\lib\index.js:9569:18)
    at TypeScriptParserMixin.parseStatementLike (C:\Users\playz\cy\node_modules\@babel\parser\lib\index.js:12843:17)
    at TypeScriptParserMixin.parseStatementListItem (C:\Users\playz\cy\node_modules\@babel\parser\lib\index.js:12823:17)
    at TypeScriptParserMixin.parseBlockOrModuleBlockBody (C:\Users\playz\cy\node_modules\@babel\parser\lib\index.js:13392:61)
    at TypeScriptParserMixin.parseBlockBody (C:\Users\playz\cy\node_modules\@babel\parser\lib\index.js:13385:10)
    at TypeScriptParserMixin.parseBlock (C:\Users\playz\cy\node_modules\@babel\parser\lib\index.js:13373:10)
    at TypeScriptParserMixin.parseStatementContent (C:\Users\playz\cy\node_modules\@babel\parser\lib\index.js:12934:21)
    at TypeScriptParserMixin.parseStatementContent (C:\Users\playz\cy\node_modules\@babel\parser\lib\index.js:9569:18)
    at TypeScriptParserMixin.parseStatementLike (C:\Users\playz\cy\node_modules\@babel\parser\lib\index.js:12843:17)
    at TypeScriptParserMixin.parseStatementOrSloppyAnnexBFunctionDeclaration (C:\Users\playz\cy\node_modules\@babel\parser\lib\index.js:12833:17)
    at TypeScriptParserMixin.parseIfStatement (C:\Users\playz\cy\node_modules\@babel\parser\lib\index.js:13206:28)
    at TypeScriptParserMixin.parseStatementContent (C:\Users\playz\cy\node_modules\@babel\parser\lib\index.js:12872:21)
    at TypeScriptParserMixin.parseStatementContent (C:\Users\playz\cy\node_modules\@babel\parser\lib\index.js:9569:18)
    at TypeScriptParserMixin.parseStatementLike (C:\Users\playz\cy\node_modules\@babel\parser\lib\index.js:12843:17)

[1m[31mERROR[39m[22m in [1m[eslint] 
src\pages\estimate\EstimatePage.tsx
  Line 343:4:  Parsing [1m[31merror[39m[22m[1m: Expression expected

[39m[22m

webpack compiled with [1m[31m2 errors[39m[22m
Compiling...
Failed to compile.

[eslint] 
src\pages\estimate\EstimatePage.tsx
Syntax error: Expression expected (343:4)
[1m[31mERROR[39m[22m in [1m./src/pages/estimate/EstimatePage.tsx[39m[22m
Module build failed (from ./node_modules/babel-loader/lib/index.js):
SyntaxError: C:\Users\playz\cy\src\pages\estimate\EstimatePage.tsx: Unexpected token (343:4)

[0m [90m 341 |[39m         [36mconst[39m vatAmt [33m=[39m subtotal [33m?[39m [33mMath[39m[33m.[39mround(subtotal [33m*[39m (vatRate [33m/[39m [35m100[39m)) [33m:[39m [35m0[39m[33m;[39m
 [90m 342 |[39m         [36mreturn[39m (
[31m[1m>[22m[39m[90m 343 |[39m     [36mreturn[39m (
 [90m     |[39m     [31m[1m^[22m[39m
 [90m 344 |[39m         [33m<[39m[33mdiv[39m style[33m=[39m{{ [33m...[39mtableWrapperStyle[33m,[39m marginBottom[33m:[39m [32m'20px'[39m }}[33m>[39m
 [90m 345 |[39m             [33m<[39m[33mtable[39m style[33m=[39m{{ width[33m:[39m [32m'100%'[39m[33m,[39m borderCollapse[33m:[39m [32m'collapse'[39m[33m,[39m tableLayout[33m:[39m [32m'fixed'[39m }}[33m>[39m
 [90m 346 |[39m                 [33m<[39m[33mcolgroup[39m[33m>[39m[0m
    at constructor (C:\Users\playz\cy\node_modules\@babel\parser\lib\index.js:367:19)
    at TypeScriptParserMixin.raise (C:\Users\playz\cy\node_modules\@babel\parser\lib\index.js:6624:19)
    at TypeScriptParserMixin.unexpected (C:\Users\playz\cy\node_modules\@babel\parser\lib\index.js:6644:16)
    at TypeScriptParserMixin.parseExprAtom (C:\Users\playz\cy\node_modules\@babel\parser\lib\index.js:11508:22)
    at TypeScriptParserMixin.parseExprAtom (C:\Users\playz\cy\node_modules\@babel\parser\lib\index.js:4793:20)
    at TypeScriptParserMixin.parseExprSubscripts (C:\Users\playz\cy\node_modules\@babel\parser\lib\index.js:11145:23)
    at TypeScriptParserMixin.parseUpdate (C:\Users\playz\cy\node_modules\@babel\parser\lib\index.js:11130:21)
    at TypeScriptParserMixin.parseMaybeUnary (C:\Users\playz\cy\node_modules\@babel\parser\lib\index.js:11110:23)
    at TypeScriptParserMixin.parseMaybeUnary (C:\Users\playz\cy\node_modules\@babel\parser\lib\index.js:9890:18)
    at TypeScriptParserMixin.parseMaybeUnaryOrPrivate (C:\Users\playz\cy\node_modules\@babel\parser\lib\index.js:10963:61)
    at TypeScriptParserMixin.parseExprOps (C:\Users\playz\cy\node_modules\@babel\parser\lib\index.js:10968:23)
    at TypeScriptParserMixin.parseMaybeConditional (C:\Users\playz\cy\node_modules\@babel\parser\lib\index.js:10945:23)
    at TypeScriptParserMixin.parseMaybeAssign (C:\Users\playz\cy\node_modules\@babel\parser\lib\index.js:10895:21)
    at TypeScriptParserMixin.parseMaybeAssign (C:\Users\playz\cy\node_modules\@babel\parser\lib\index.js:9839:20)
    at C:\Users\playz\cy\node_modules\@babel\parser\lib\index.js:10864:39
    at TypeScriptParserMixin.allowInAnd (C:\Users\playz\cy\node_modules\@babel\parser\lib\index.js:12500:12)
    at TypeScriptParserMixin.parseMaybeAssignAllowIn (C:\Users\playz\cy\node_modules\@babel\parser\lib\index.js:10864:17)
    at TypeScriptParserMixin.parseMaybeAssignAllowInOrVoidPattern (C:\Users\playz\cy\node_modules\@babel\parser\lib\index.js:12567:17)
    at TypeScriptParserMixin.parseParenAndDistinguishExpression (C:\Users\playz\cy\node_modules\@babel\parser\lib\index.js:11747:28)
    at TypeScriptParserMixin.parseExprAtom (C:\Users\playz\cy\node_modules\@babel\parser\lib\index.js:11395:23)
    at TypeScriptParserMixin.parseExprAtom (C:\Users\playz\cy\node_modules\@babel\parser\lib\index.js:4793:20)
    at TypeScriptParserMixin.parseExprSubscripts (C:\Users\playz\cy\node_modules\@babel\parser\lib\index.js:11145:23)
    at TypeScriptParserMixin.parseUpdate (C:\Users\playz\cy\node_modules\@babel\parser\lib\index.js:11130:21)
    at TypeScriptParserMixin.parseMaybeUnary (C:\Users\playz\cy\node_modules\@babel\parser\lib\index.js:11110:23)
    at TypeScriptParserMixin.parseMaybeUnary (C:\Users\playz\cy\node_modules\@babel\parser\lib\index.js:9890:18)
    at TypeScriptParserMixin.parseMaybeUnaryOrPrivate (C:\Users\playz\cy\node_modules\@babel\parser\lib\index.js:10963:61)
    at TypeScriptParserMixin.parseExprOps (C:\Users\playz\cy\node_modules\@babel\parser\lib\index.js:10968:23)
    at TypeScriptParserMixin.parseMaybeConditional (C:\Users\playz\cy\node_modules\@babel\parser\lib\index.js:10945:23)
    at TypeScriptParserMixin.parseMaybeAssign (C:\Users\playz\cy\node_modules\@babel\parser\lib\index.js:10895:21)
    at TypeScriptParserMixin.parseMaybeAssign (C:\Users\playz\cy\node_modules\@babel\parser\lib\index.js:9839:20)
    at TypeScriptParserMixin.parseExpressionBase (C:\Users\playz\cy\node_modules\@babel\parser\lib\index.js:10848:23)
    at C:\Users\playz\cy\node_modules\@babel\parser\lib\index.js:10844:39
    at TypeScriptParserMixin.allowInAnd (C:\Users\playz\cy\node_modules\@babel\parser\lib\index.js:12495:16)
    at TypeScriptParserMixin.parseExpression (C:\Users\playz\cy\node_modules\@babel\parser\lib\index.js:10844:17)
    at TypeScriptParserMixin.parseReturnStatement (C:\Users\playz\cy\node_modules\@babel\parser\lib\index.js:13218:28)
    at TypeScriptParserMixin.parseStatementContent (C:\Users\playz\cy\node_modules\@babel\parser\lib\index.js:12874:21)
    at TypeScriptParserMixin.parseStatementContent (C:\Users\playz\cy\node_modules\@babel\parser\lib\index.js:9569:18)
    at TypeScriptParserMixin.parseStatementLike (C:\Users\playz\cy\node_modules\@babel\parser\lib\index.js:12843:17)
    at TypeScriptParserMixin.parseStatementListItem (C:\Users\playz\cy\node_modules\@babel\parser\lib\index.js:12823:17)
    at TypeScriptParserMixin.parseBlockOrModuleBlockBody (C:\Users\playz\cy\node_modules\@babel\parser\lib\index.js:13392:61)
    at TypeScriptParserMixin.parseBlockBody (C:\Users\playz\cy\node_modules\@babel\parser\lib\index.js:13385:10)
    at TypeScriptParserMixin.parseBlock (C:\Users\playz\cy\node_modules\@babel\parser\lib\index.js:13373:10)
    at TypeScriptParserMixin.parseStatementContent (C:\Users\playz\cy\node_modules\@babel\parser\lib\index.js:12934:21)
    at TypeScriptParserMixin.parseStatementContent (C:\Users\playz\cy\node_modules\@babel\parser\lib\index.js:9569:18)
    at TypeScriptParserMixin.parseStatementLike (C:\Users\playz\cy\node_modules\@babel\parser\lib\index.js:12843:17)
    at TypeScriptParserMixin.parseStatementOrSloppyAnnexBFunctionDeclaration (C:\Users\playz\cy\node_modules\@babel\parser\lib\index.js:12833:17)
    at TypeScriptParserMixin.parseIfStatement (C:\Users\playz\cy\node_modules\@babel\parser\lib\index.js:13206:28)
    at TypeScriptParserMixin.parseStatementContent (C:\Users\playz\cy\node_modules\@babel\parser\lib\index.js:12872:21)
    at TypeScriptParserMixin.parseStatementContent (C:\Users\playz\cy\node_modules\@babel\parser\lib\index.js:9569:18)
    at TypeScriptParserMixin.parseStatementLike (C:\Users\playz\cy\node_modules\@babel\parser\lib\index.js:12843:17)

[1m[31mERROR[39m[22m in [1m[eslint] 
src\pages\estimate\EstimatePage.tsx
  Line 343:4:  Parsing [1m[31merror[39m[22m[1m: Expression expected

[39m[22m

webpack compiled with [1m[31m2 errors[39m[22m
Files successfully emitted, waiting for typecheck results...
Issues checking in progress...
Compiling...
Failed to compile.

[eslint] 
src\pages\estimate\EstimatePage.tsx
Syntax error: Declaration or statement expected (368:1)
[1m[31mERROR[39m[22m in [1m./src/pages/estimate/EstimatePage.tsx[39m[22m
Module build failed (from ./node_modules/babel-loader/lib/index.js):
SyntaxError: C:\Users\playz\cy\src\pages\estimate\EstimatePage.tsx: Unexpected token (368:1)

[0m [90m 366 |[39m             [33m<[39m[33m/[39m[33mdiv[39m[33m>[39m
 [90m 367 |[39m         )[33m;[39m
[31m[1m>[22m[39m[90m 368 |[39m })[33m;[39m
 [90m     |[39m  [31m[1m^[22m[39m
 [90m 369 |[39m
 [90m 370 |[39m [36mconst[39m [33mEstimateTable[39m [33m=[39m [33mReact[39m[33m.[39mmemo(({ draft[33m,[39m itemsWithCalc[33m,[39m subtotal[33m,[39m isEdit[33m,[39m updateItem[33m,[39m addEmptyItem[33m,[39m setDraft }[33m:[39m any) [33m=>[39m {
 [90m 371 |[39m     [36mconst[39m inputStyle[33m:[39m [33mReact[39m[33m.[39m[33mCSSProperties[39m [33m=[39m { width[33m:[39m [32m'100%'[39m[33m,[39m border[33m:[39m [32m'none'[39m[33m,[39m outline[33m:[39m [32m'none'[39m[33m,[39m background[33m:[39m [32m'transparent'[39m[33m,[39m fontFamily[33m:[39m [33mEXCEL_FONT[39m[33m,[39m fontSize[33m:[39m [32m'9pt'[39m[33m,[39m textAlign[33m:[39m [32m'center'[39m }[33m;[39m[0m
    at constructor (C:\Users\playz\cy\node_modules\@babel\parser\lib\index.js:367:19)
    at TypeScriptParserMixin.raise (C:\Users\playz\cy\node_modules\@babel\parser\lib\index.js:6624:19)
    at TypeScriptParserMixin.unexpected (C:\Users\playz\cy\node_modules\@babel\parser\lib\index.js:6644:16)
    at TypeScriptParserMixin.parseExprAtom (C:\Users\playz\cy\node_modules\@babel\parser\lib\index.js:11508:22)
    at TypeScriptParserMixin.parseExprAtom (C:\Users\playz\cy\node_modules\@babel\parser\lib\index.js:4793:20)
    at TypeScriptParserMixin.parseExprSubscripts (C:\Users\playz\cy\node_modules\@babel\parser\lib\index.js:11145:23)
    at TypeScriptParserMixin.parseUpdate (C:\Users\playz\cy\node_modules\@babel\parser\lib\index.js:11130:21)
    at TypeScriptParserMixin.parseMaybeUnary (C:\Users\playz\cy\node_modules\@babel\parser\lib\index.js:11110:23)
    at TypeScriptParserMixin.parseMaybeUnary (C:\Users\playz\cy\node_modules\@babel\parser\lib\index.js:9890:18)
    at TypeScriptParserMixin.parseMaybeUnaryOrPrivate (C:\Users\playz\cy\node_modules\@babel\parser\lib\index.js:10963:61)
    at TypeScriptParserMixin.parseExprOps (C:\Users\playz\cy\node_modules\@babel\parser\lib\index.js:10968:23)
    at TypeScriptParserMixin.parseMaybeConditional (C:\Users\playz\cy\node_modules\@babel\parser\lib\index.js:10945:23)
    at TypeScriptParserMixin.parseMaybeAssign (C:\Users\playz\cy\node_modules\@babel\parser\lib\index.js:10895:21)
    at TypeScriptParserMixin.parseMaybeAssign (C:\Users\playz\cy\node_modules\@babel\parser\lib\index.js:9839:20)
    at TypeScriptParserMixin.parseExpressionBase (C:\Users\playz\cy\node_modules\@babel\parser\lib\index.js:10848:23)
    at C:\Users\playz\cy\node_modules\@babel\parser\lib\index.js:10844:39
    at TypeScriptParserMixin.allowInAnd (C:\Users\playz\cy\node_modules\@babel\parser\lib\index.js:12495:16)
    at TypeScriptParserMixin.parseExpression (C:\Users\playz\cy\node_modules\@babel\parser\lib\index.js:10844:17)
    at TypeScriptParserMixin.parseStatementContent (C:\Users\playz\cy\node_modules\@babel\parser\lib\index.js:12971:23)
    at TypeScriptParserMixin.parseStatementContent (C:\Users\playz\cy\node_modules\@babel\parser\lib\index.js:9569:18)
    at TypeScriptParserMixin.parseStatementLike (C:\Users\playz\cy\node_modules\@babel\parser\lib\index.js:12843:17)
    at TypeScriptParserMixin.parseStatementListItem (C:\Users\playz\cy\node_modules\@babel\parser\lib\index.js:12823:17)
    at TypeScriptParserMixin.parseBlockOrModuleBlockBody (C:\Users\playz\cy\node_modules\@babel\parser\lib\index.js:13392:61)
    at TypeScriptParserMixin.parseBlockBody (C:\Users\playz\cy\node_modules\@babel\parser\lib\index.js:13385:10)
    at TypeScriptParserMixin.parseBlock (C:\Users\playz\cy\node_modules\@babel\parser\lib\index.js:13373:10)
    at TypeScriptParserMixin.parseFunctionBody (C:\Users\playz\cy\node_modules\@babel\parser\lib\index.js:12174:24)
    at TypeScriptParserMixin.parseArrowExpression (C:\Users\playz\cy\node_modules\@babel\parser\lib\index.js:12149:10)
    at TypeScriptParserMixin.parseParenAndDistinguishExpression (C:\Users\playz\cy\node_modules\@babel\parser\lib\index.js:11759:12)
    at TypeScriptParserMixin.parseExprAtom (C:\Users\playz\cy\node_modules\@babel\parser\lib\index.js:11395:23)
    at TypeScriptParserMixin.parseExprAtom (C:\Users\playz\cy\node_modules\@babel\parser\lib\index.js:4793:20)
    at TypeScriptParserMixin.parseExprSubscripts (C:\Users\playz\cy\node_modules\@babel\parser\lib\index.js:11145:23)
    at TypeScriptParserMixin.parseUpdate (C:\Users\playz\cy\node_modules\@babel\parser\lib\index.js:11130:21)
    at TypeScriptParserMixin.parseMaybeUnary (C:\Users\playz\cy\node_modules\@babel\parser\lib\index.js:11110:23)
    at TypeScriptParserMixin.parseMaybeUnary (C:\Users\playz\cy\node_modules\@babel\parser\lib\index.js:9890:18)
    at TypeScriptParserMixin.parseMaybeUnaryOrPrivate (C:\Users\playz\cy\node_modules\@babel\parser\lib\index.js:10963:61)
    at TypeScriptParserMixin.parseExprOps (C:\Users\playz\cy\node_modules\@babel\parser\lib\index.js:10968:23)
    at TypeScriptParserMixin.parseMaybeConditional (C:\Users\playz\cy\node_modules\@babel\parser\lib\index.js:10945:23)
    at TypeScriptParserMixin.parseMaybeAssign (C:\Users\playz\cy\node_modules\@babel\parser\lib\index.js:10895:21)
    at TypeScriptParserMixin.parseMaybeAssign (C:\Users\playz\cy\node_modules\@babel\parser\lib\index.js:9839:20)
    at C:\Users\playz\cy\node_modules\@babel\parser\lib\index.js:10864:39
    at TypeScriptParserMixin.allowInAnd (C:\Users\playz\cy\node_modules\@babel\parser\lib\index.js:12500:12)
    at TypeScriptParserMixin.parseMaybeAssignAllowIn (C:\Users\playz\cy\node_modules\@babel\parser\lib\index.js:10864:17)
    at TypeScriptParserMixin.parseMaybeAssignAllowInOrVoidPattern (C:\Users\playz\cy\node_modules\@babel\parser\lib\index.js:12567:17)
    at TypeScriptParserMixin.parseExprListItem (C:\Users\playz\cy\node_modules\@babel\parser\lib\index.js:12249:18)
    at TypeScriptParserMixin.parseCallExpressionArguments (C:\Users\playz\cy\node_modules\@babel\parser\lib\index.js:11316:22)
    at TypeScriptParserMixin.parseCoverCallAndAsyncArrowHead (C:\Users\playz\cy\node_modules\@babel\parser\lib\index.js:11250:29)
    at TypeScriptParserMixin.parseSubscript (C:\Users\playz\cy\node_modules\@babel\parser\lib\index.js:11184:19)
    at TypeScriptParserMixin.parseSubscript (C:\Users\playz\cy\node_modules\@babel\parser\lib\index.js:9329:18)
    at TypeScriptParserMixin.parseSubscripts (C:\Users\playz\cy\node_modules\@babel\parser\lib\index.js:11158:19)
    at TypeScriptParserMixin.parseExprSubscripts (C:\Users\playz\cy\node_modules\@babel\parser\lib\index.js:11149:17)

[1m[31mERROR[39m[22m in [1m[eslint] 
src\pages\estimate\EstimatePage.tsx
  Line 368:1:  Parsing [1m[31merror[39m[22m[1m: Declaration or statement expected

[39m[22m

webpack compiled with [1m[31m2 errors[39m[22m
Compiling...
Compiled successfully!
webpack compiled [1m[32msuccessfully[39m[22m
No issues found.
Compiling...
Compiled with warnings.

[eslint] 
src\pages\estimate\EstimatePage.tsx
  Line 595:37:  'pane' was used before it was defined  @typescript-eslint/no-use-before-define

Search for the keywords to learn more about each warning.
To ignore, add // eslint-disable-next-line to the line before.

[1m[33mWARNING[39m[22m in [1m[eslint] 
src\pages\estimate\EstimatePage.tsx
  Line 595:37:  'pane' was used before it was defined  @typescript-eslint/no-use-before-define

[39m[22m

webpack compiled with [1m[33m1 warning[39m[22m
Compiling...
Compiled successfully!
webpack compiled [1m[32msuccessfully[39m[22m
No issues found.
Compiling...
Compiled successfully!
webpack compiled [1m[32msuccessfully[39m[22m
No issues found.
Compiling...
Compiled successfully!
webpack compiled [1m[32msuccessfully[39m[22m
No issues found.
Compiling...
Compiled successfully!
webpack compiled [1m[32msuccessfully[39m[22m
No issues found.
Compiling...
Compiled successfully!
webpack compiled [1m[32msuccessfully[39m[22m
No issues found.
Compiling...
Compiled successfully!
webpack compiled [1m[32msuccessfully[39m[22m
No issues found.
Compiling...
Compiled successfully!
webpack compiled [1m[32msuccessfully[39m[22m
No issues found.
Compiling...
Compiled successfully!
webpack compiled [1m[32msuccessfully[39m[22m
No issues found.
Compiling...
Compiled successfully!
webpack compiled [1m[32msuccessfully[39m[22m
No issues found.
Compiling...
Compiled successfully!
webpack compiled [1m[32msuccessfully[39m[22m
No issues found.
Compiling...
Compiled successfully!
webpack compiled [1m[32msuccessfully[39m[22m
No issues found.
Compiling...
Compiled successfully!
webpack compiled [1m[32msuccessfully[39m[22m
No issues found.
Compiling...
Compiled successfully!
webpack compiled [1m[32msuccessfully[39m[22m
No issues found.
Compiling...
Compiled successfully!
webpack compiled [1m[32msuccessfully[39m[22m
No issues found.
Compiling...
Compiled successfully!
webpack compiled [1m[32msuccessfully[39m[22m
No issues found.
Compiling...
Failed to compile.

[eslint] 
src\pages\estimate\EstimatePage.tsx
Syntax error: ';' expected (54:31)
[1m[31mERROR[39m[22m in [1m./src/pages/estimate/EstimatePage.tsx[39m[22m
Module build failed (from ./node_modules/babel-loader/lib/index.js):
SyntaxError: C:\Users\playz\cy\src\pages\estimate\EstimatePage.tsx: Unexpected token, expected ";" (54:31)

[0m [90m 52 |[39m     supplierAccount[33m:[39m string[33m;[39m
 [90m 53 |[39m     supplierFax[33m:[39m string[33m;[39m
[31m[1m>[22m[39m[90m 54 |[39m     supplierManager[33m:[39m striconst [33mDEFAULT_SCOPE_NOTES[39m [33m=[39m [32m`- V.A.T 별도 (세금 계산서 처리시)[39m
 [90m    |[39m                                [31m[1m^[22m[39m
 [90m 55 |[39m [32m- 결제 조건 : 정기 결제[39m
 [90m 56 |[39m [32m- 별도 협의 없으면 설치(50%), 해체(50%) 분할청구[39m
 [90m 57 |[39m [32m- 도면변경이나 설치방법 변경에 따라 체적, 견적 금액은 변동될 수 있음. 실물량 정산.[39m[0m
    at constructor (C:\Users\playz\cy\node_modules\@babel\parser\lib\index.js:367:19)
    at TypeScriptParserMixin.raise (C:\Users\playz\cy\node_modules\@babel\parser\lib\index.js:6624:19)
    at TypeScriptParserMixin.unexpected (C:\Users\playz\cy\node_modules\@babel\parser\lib\index.js:6644:16)
    at TypeScriptParserMixin.expect (C:\Users\playz\cy\node_modules\@babel\parser\lib\index.js:6924:12)
    at TypeScriptParserMixin.tsParseTypeMemberSemicolon (C:\Users\playz\cy\node_modules\@babel\parser\lib\index.js:8146:12)
    at TypeScriptParserMixin.tsParsePropertyOrMethodSignature (C:\Users\playz\cy\node_modules\@babel\parser\lib\index.js:8225:12)
    at TypeScriptParserMixin.tsParseTypeMember (C:\Users\playz\cy\node_modules\@babel\parser\lib\index.js:8260:17)
    at TypeScriptParserMixin.tsParseList (C:\Users\playz\cy\node_modules\@babel\parser\lib\index.js:7905:19)
    at TypeScriptParserMixin.tsParseObjectTypeMembers (C:\Users\playz\cy\node_modules\@babel\parser\lib\index.js:8269:26)
    at TypeScriptParserMixin.tsParseTypeLiteral (C:\Users\playz\cy\node_modules\@babel\parser\lib\index.js:8264:25)
    at TypeScriptParserMixin.tsParseNonArrayType (C:\Users\playz\cy\node_modules\@babel\parser\lib\index.js:8483:106)
    at TypeScriptParserMixin.tsParseArrayTypeOrHigher (C:\Users\playz\cy\node_modules\@babel\parser\lib\index.js:8513:21)
    at C:\Users\playz\cy\node_modules\@babel\parser\lib\index.js:8569:158
    at TypeScriptParserMixin.tsInAllowConditionalTypesContext (C:\Users\playz\cy\node_modules\@babel\parser\lib\index.js:8860:14)
    at TypeScriptParserMixin.tsParseTypeOperatorOrHigher (C:\Users\playz\cy\node_modules\@babel\parser\lib\index.js:8569:114)
    at TypeScriptParserMixin.tsParseUnionOrIntersectionType (C:\Users\playz\cy\node_modules\@babel\parser\lib\index.js:8576:18)
    at TypeScriptParserMixin.tsParseIntersectionTypeOrHigher (C:\Users\playz\cy\node_modules\@babel\parser\lib\index.js:8585:17)
    at TypeScriptParserMixin.tsParseUnionOrIntersectionType (C:\Users\playz\cy\node_modules\@babel\parser\lib\index.js:8576:18)
    at TypeScriptParserMixin.tsParseUnionTypeOrHigher (C:\Users\playz\cy\node_modules\@babel\parser\lib\index.js:8588:17)
    at TypeScriptParserMixin.tsParseNonConditionalType (C:\Users\playz\cy\node_modules\@babel\parser\lib\index.js:8755:17)
    at TypeScriptParserMixin.tsParseType (C:\Users\playz\cy\node_modules\@babel\parser\lib\index.js:8730:23)
    at C:\Users\playz\cy\node_modules\@babel\parser\lib\index.js:8820:19
    at TypeScriptParserMixin.tsInType (C:\Users\playz\cy\node_modules\@babel\parser\lib\index.js:8842:14)
    at TypeScriptParserMixin.tsParseTypeAliasDeclaration (C:\Users\playz\cy\node_modules\@babel\parser\lib\index.js:8812:32)
    at TypeScriptParserMixin.parseStatementContent (C:\Users\playz\cy\node_modules\@babel\parser\lib\index.js:9563:27)
    at TypeScriptParserMixin.parseStatementLike (C:\Users\playz\cy\node_modules\@babel\parser\lib\index.js:12843:17)
    at TypeScriptParserMixin.parseModuleItem (C:\Users\playz\cy\node_modules\@babel\parser\lib\index.js:12820:17)
    at TypeScriptParserMixin.parseBlockOrModuleBlockBody (C:\Users\playz\cy\node_modules\@babel\parser\lib\index.js:13392:36)
    at TypeScriptParserMixin.parseBlockBody (C:\Users\playz\cy\node_modules\@babel\parser\lib\index.js:13385:10)
    at TypeScriptParserMixin.parseProgram (C:\Users\playz\cy\node_modules\@babel\parser\lib\index.js:12698:10)
    at TypeScriptParserMixin.parseTopLevel (C:\Users\playz\cy\node_modules\@babel\parser\lib\index.js:12688:25)
    at TypeScriptParserMixin.parse (C:\Users\playz\cy\node_modules\@babel\parser\lib\index.js:14568:25)
    at TypeScriptParserMixin.parse (C:\Users\playz\cy\node_modules\@babel\parser\lib\index.js:10183:18)
    at parse (C:\Users\playz\cy\node_modules\@babel\parser\lib\index.js:14602:38)
    at parser (C:\Users\playz\cy\node_modules\@babel\core\lib\parser\index.js:41:34)
    at parser.next (<anonymous>)
    at normalizeFile (C:\Users\playz\cy\node_modules\@babel\core\lib\transformation\normalize-file.js:64:37)
    at normalizeFile.next (<anonymous>)
    at run (C:\Users\playz\cy\node_modules\@babel\core\lib\transformation\index.js:22:50)
    at run.next (<anonymous>)
    at transform (C:\Users\playz\cy\node_modules\@babel\core\lib\transform.js:22:33)
    at transform.next (<anonymous>)
    at step (C:\Users\playz\cy\node_modules\gensync\index.js:261:32)
    at C:\Users\playz\cy\node_modules\gensync\index.js:273:13
    at async.call.result.err.err (C:\Users\playz\cy\node_modules\gensync\index.js:223:11)

[1m[31mERROR[39m[22m in [1m[eslint] 
src\pages\estimate\EstimatePage.tsx
  Line 54:31:  Parsing [1m[31merror[39m[22m[1m: ';' expected

[39m[22m

webpack compiled with [1m[31m2 errors[39m[22m
Compiling...
Compiled successfully!
webpack compiled [1m[32msuccessfully[39m[22m
No issues found.
Compiling...
Compiled successfully!
webpack compiled [1m[32msuccessfully[39m[22m
No issues found.
Compiling...
Compiled successfully!
webpack compiled [1m[32msuccessfully[39m[22m
Compiling...
Compiled successfully!
webpack compiled [1m[32msuccessfully[39m[22m
No issues found.
Compiling...
Compiled successfully!
webpack compiled [1m[32msuccessfully[39m[22m
No issues found.
Compiling...
Compiled successfully!
webpack compiled [1m[32msuccessfully[39m[22m
No issues found.
Compiling...
Compiled successfully!
webpack compiled [1m[32msuccessfully[39m[22m
No issues found.
Compiling...
Compiled successfully!
webpack compiled [1m[32msuccessfully[39m[22m
No issues found.
Compiling...
Compiled successfully!
webpack compiled [1m[32msuccessfully[39m[22m
No issues found.
Compiling...
Compiled successfully!
webpack compiled [1m[32msuccessfully[39m[22m
No issues found.
Compiling...
Compiled successfully!
webpack compiled [1m[32msuccessfully[39m[22m
Compiling...
No issues found.
Compiled successfully!
webpack compiled [1m[32msuccessfully[39m[22m
Files successfully emitted, waiting for typecheck results...
Issues checking in progress...
No issues found.
Compiling...
Compiled successfully!
webpack compiled [1m[32msuccessfully[39m[22m
No issues found.
Compiling...
Compiled successfully!
webpack compiled [1m[32msuccessfully[39m[22m
No issues found.
Compiling...
Compiled successfully!
webpack compiled [1m[32msuccessfully[39m[22m
No issues found.
Compiling...
Compiled successfully!
webpack compiled [1m[32msuccessfully[39m[22m
No issues found.
Compiling...
Compiled successfully!
webpack compiled [1m[32msuccessfully[39m[22m
No issues found.
Compiling...
Compiled successfully!
webpack compiled [1m[32msuccessfully[39m[22m
No issues found.
Compiling...
Compiled successfully!
webpack compiled [1m[32msuccessfully[39m[22m
No issues found.
Compiling...
Compiled successfully!
webpack compiled [1m[32msuccessfully[39m[22m
No issues found.
Compiling...
Compiled successfully!
webpack compiled [1m[32msuccessfully[39m[22m
No issues found.
Compiling...
Compiled successfully!
webpack compiled [1m[32msuccessfully[39m[22m
Compiling...
Compiled successfully!
webpack compiled [1m[32msuccessfully[39m[22m
No issues found.
Compiling...
Compiled successfully!
webpack compiled [1m[32msuccessfully[39m[22m
No issues found.
Compiling...
Compiled successfully!
webpack compiled [1m[32msuccessfully[39m[22m
No issues found.
Compiling...
Compiled successfully!
webpack compiled [1m[32msuccessfully[39m[22m
No issues found.
Compiling...
Compiled successfully!
webpack compiled [1m[32msuccessfully[39m[22m
No issues found.
Compiling...
Compiled successfully!
webpack compiled [1m[32msuccessfully[39m[22m
Compiling...
Compiled successfully!
webpack compiled [1m[32msuccessfully[39m[22m
No issues found.
Compiling...
Compiled successfully!
webpack compiled [1m[32msuccessfully[39m[22m
No issues found.
Compiling...
Compiled successfully!
webpack compiled [1m[32msuccessfully[39m[22m
No issues found.
Compiling...
Failed to compile.

[eslint] 
src\pages\estimate\EstimatePage.tsx
Syntax error: ')' expected (637:20)
[1m[31mERROR[39m[22m in [1m./src/pages/estimate/EstimatePage.tsx[39m[22m
Module build failed (from ./node_modules/babel-loader/lib/index.js):
SyntaxError: C:\Users\playz\cy\src\pages\estimate\EstimatePage.tsx: Unexpected token, expected "," (637:20)

[0m [90m 635 |[39m                             [33m<[39m[33mtd[39m style[33m=[39m{{ [33m...[39mcellStyle()[33m,[39m border[33m:[39m [33mBORDER_THIN[39m }}[33m>[39m[33m<[39m[33m/[39m[33mtd[39m[33m>[39m
 [90m 636 |[39m                         [33m<[39m[33m/[39m[33mtr[39m[33m>[39m
[31m[1m>[22m[39m[90m 637 |[39m                     {isEdit [33m&&[39m (
 [90m     |[39m                     [31m[1m^[22m[39m
 [90m 638 |[39m                         [33m<[39m[33mtr[39m style[33m=[39m{{ height[33m:[39m [32m'32px'[39m }}[33m>[39m
 [90m 639 |[39m                             [33m<[39m[33mtd[39m colSpan[33m=[39m{[35m8[39m} style[33m=[39m{{ [33m...[39mcellStyle()[33m,[39m border[33m:[39m [33mBORDER_THIN[39m[33m,[39m padding[33m:[39m [32m'0'[39m[33m,[39m backgroundColor[33m:[39m [32m'#f8fafc'[39m }}[33m>[39m
 [90m 640 |[39m                                 [33m<[39m[33mbutton[39m [0m
    at constructor (C:\Users\playz\cy\node_modules\@babel\parser\lib\index.js:367:19)
    at TypeScriptParserMixin.raise (C:\Users\playz\cy\node_modules\@babel\parser\lib\index.js:6624:19)
    at TypeScriptParserMixin.unexpected (C:\Users\playz\cy\node_modules\@babel\parser\lib\index.js:6644:16)
    at TypeScriptParserMixin.expect (C:\Users\playz\cy\node_modules\@babel\parser\lib\index.js:6924:12)
    at TypeScriptParserMixin.parseParenAndDistinguishExpression (C:\Users\playz\cy\node_modules\@babel\parser\lib\index.js:11733:14)
    at TypeScriptParserMixin.parseExprAtom (C:\Users\playz\cy\node_modules\@babel\parser\lib\index.js:11395:23)
    at TypeScriptParserMixin.parseExprAtom (C:\Users\playz\cy\node_modules\@babel\parser\lib\index.js:4793:20)
    at TypeScriptParserMixin.parseExprSubscripts (C:\Users\playz\cy\node_modules\@babel\parser\lib\index.js:11145:23)
    at TypeScriptParserMixin.parseUpdate (C:\Users\playz\cy\node_modules\@babel\parser\lib\index.js:11130:21)
    at TypeScriptParserMixin.parseMaybeUnary (C:\Users\playz\cy\node_modules\@babel\parser\lib\index.js:11110:23)
    at TypeScriptParserMixin.parseMaybeUnary (C:\Users\playz\cy\node_modules\@babel\parser\lib\index.js:9890:18)
    at TypeScriptParserMixin.parseMaybeUnaryOrPrivate (C:\Users\playz\cy\node_modules\@babel\parser\lib\index.js:10963:61)
    at TypeScriptParserMixin.parseExprOps (C:\Users\playz\cy\node_modules\@babel\parser\lib\index.js:10968:23)
    at TypeScriptParserMixin.parseMaybeConditional (C:\Users\playz\cy\node_modules\@babel\parser\lib\index.js:10945:23)
    at TypeScriptParserMixin.parseMaybeAssign (C:\Users\playz\cy\node_modules\@babel\parser\lib\index.js:10895:21)
    at TypeScriptParserMixin.parseMaybeAssign (C:\Users\playz\cy\node_modules\@babel\parser\lib\index.js:9839:20)
    at TypeScriptParserMixin.parseFunctionBody (C:\Users\playz\cy\node_modules\@babel\parser\lib\index.js:12167:24)
    at TypeScriptParserMixin.parseArrowExpression (C:\Users\playz\cy\node_modules\@babel\parser\lib\index.js:12149:10)
    at TypeScriptParserMixin.parseParenAndDistinguishExpression (C:\Users\playz\cy\node_modules\@babel\parser\lib\index.js:11759:12)
    at TypeScriptParserMixin.parseExprAtom (C:\Users\playz\cy\node_modules\@babel\parser\lib\index.js:11395:23)
    at TypeScriptParserMixin.parseExprAtom (C:\Users\playz\cy\node_modules\@babel\parser\lib\index.js:4793:20)
    at TypeScriptParserMixin.parseExprSubscripts (C:\Users\playz\cy\node_modules\@babel\parser\lib\index.js:11145:23)
    at TypeScriptParserMixin.parseUpdate (C:\Users\playz\cy\node_modules\@babel\parser\lib\index.js:11130:21)
    at TypeScriptParserMixin.parseMaybeUnary (C:\Users\playz\cy\node_modules\@babel\parser\lib\index.js:11110:23)
    at TypeScriptParserMixin.parseMaybeUnary (C:\Users\playz\cy\node_modules\@babel\parser\lib\index.js:9890:18)
    at TypeScriptParserMixin.parseMaybeUnaryOrPrivate (C:\Users\playz\cy\node_modules\@babel\parser\lib\index.js:10963:61)
    at TypeScriptParserMixin.parseExprOps (C:\Users\playz\cy\node_modules\@babel\parser\lib\index.js:10968:23)
    at TypeScriptParserMixin.parseMaybeConditional (C:\Users\playz\cy\node_modules\@babel\parser\lib\index.js:10945:23)
    at TypeScriptParserMixin.parseMaybeAssign (C:\Users\playz\cy\node_modules\@babel\parser\lib\index.js:10895:21)
    at TypeScriptParserMixin.parseMaybeAssign (C:\Users\playz\cy\node_modules\@babel\parser\lib\index.js:9839:20)
    at C:\Users\playz\cy\node_modules\@babel\parser\lib\index.js:10864:39
    at TypeScriptParserMixin.allowInAnd (C:\Users\playz\cy\node_modules\@babel\parser\lib\index.js:12500:12)
    at TypeScriptParserMixin.parseMaybeAssignAllowIn (C:\Users\playz\cy\node_modules\@babel\parser\lib\index.js:10864:17)
    at TypeScriptParserMixin.parseMaybeAssignAllowInOrVoidPattern (C:\Users\playz\cy\node_modules\@babel\parser\lib\index.js:12567:17)
    at TypeScriptParserMixin.parseExprListItem (C:\Users\playz\cy\node_modules\@babel\parser\lib\index.js:12249:18)
    at TypeScriptParserMixin.parseCallExpressionArguments (C:\Users\playz\cy\node_modules\@babel\parser\lib\index.js:11316:22)
    at TypeScriptParserMixin.parseCoverCallAndAsyncArrowHead (C:\Users\playz\cy\node_modules\@babel\parser\lib\index.js:11250:29)
    at TypeScriptParserMixin.parseSubscript (C:\Users\playz\cy\node_modules\@babel\parser\lib\index.js:11184:19)
    at TypeScriptParserMixin.parseSubscript (C:\Users\playz\cy\node_modules\@babel\parser\lib\index.js:9329:18)
    at TypeScriptParserMixin.parseSubscripts (C:\Users\playz\cy\node_modules\@babel\parser\lib\index.js:11158:19)
    at TypeScriptParserMixin.parseExprSubscripts (C:\Users\playz\cy\node_modules\@babel\parser\lib\index.js:11149:17)
    at TypeScriptParserMixin.parseUpdate (C:\Users\playz\cy\node_modules\@babel\parser\lib\index.js:11130:21)
    at TypeScriptParserMixin.parseMaybeUnary (C:\Users\playz\cy\node_modules\@babel\parser\lib\index.js:11110:23)
    at TypeScriptParserMixin.parseMaybeUnary (C:\Users\playz\cy\node_modules\@babel\parser\lib\index.js:9890:18)
    at TypeScriptParserMixin.parseMaybeUnaryOrPrivate (C:\Users\playz\cy\node_modules\@babel\parser\lib\index.js:10963:61)
    at TypeScriptParserMixin.parseExprOpBaseRightExpr (C:\Users\playz\cy\node_modules\@babel\parser\lib\index.js:11050:34)
    at TypeScriptParserMixin.parseExprOpRightExpr (C:\Users\playz\cy\node_modules\@babel\parser\lib\index.js:11045:21)
    at TypeScriptParserMixin.parseExprOp (C:\Users\playz\cy\node_modules\@babel\parser\lib\index.js:11011:27)
    at TypeScriptParserMixin.parseExprOp (C:\Users\playz\cy\node_modules\@babel\parser\lib\index.js:9365:18)
    at TypeScriptParserMixin.parseExprOps (C:\Users\playz\cy\node_modules\@babel\parser\lib\index.js:10972:17)

[1m[31mERROR[39m[22m in [1m[eslint] 
src\pages\estimate\EstimatePage.tsx
  Line 637:20:  Parsing [1m[31merror[39m[22m[1m: ')' expected

[39m[22m

webpack compiled with [1m[31m2 errors[39m[22m
Compiling...
Compiled successfully!
webpack compiled [1m[32msuccessfully[39m[22m
No issues found.
Compiling...
Compiled successfully!
webpack compiled [1m[32msuccessfully[39m[22m
No issues found.
Compiling...
Failed to compile.

[eslint] 
src\pages\estimate\EstimatePage.tsx
Syntax error: ')' expected (632:20)
[1m[31mERROR[39m[22m in [1m./src/pages/estimate/EstimatePage.tsx[39m[22m
Module build failed (from ./node_modules/babel-loader/lib/index.js):
SyntaxError: C:\Users\playz\cy\src\pages\estimate\EstimatePage.tsx: Unexpected token, expected "," (632:20)

[0m [90m 630 |[39m                             [33m<[39m[33mtd[39m style[33m=[39m{{ [33m...[39mcellStyle()[33m,[39m border[33m:[39m [33mBORDER_THIN[39m }}[33m>[39m[33m<[39m[33m/[39m[33mtd[39m[33m>[39m
 [90m 631 |[39m                         [33m<[39m[33m/[39m[33mtr[39m[33m>[39m
[31m[1m>[22m[39m[90m 632 |[39m                     {isEdit [33m&&[39m (
 [90m     |[39m                     [31m[1m^[22m[39m
 [90m 633 |[39m                         [33m<[39m[33mtr[39m style[33m=[39m{{ height[33m:[39m [32m'32px'[39m[33m,[39m backgroundColor[33m:[39m [32m'#f8fafc'[39m }}[33m>[39m
 [90m 634 |[39m                             [33m<[39m[33mtd[39m colSpan[33m=[39m{[35m8[39m} style[33m=[39m{{ [33m...[39mcellStyle()[33m,[39m border[33m:[39m [33mBORDER_THIN[39m[33m,[39m padding[33m:[39m [32m'0'[39m }}[33m>[39m
 [90m 635 |[39m                                 [33m<[39m[33mbutton[39m [0m
    at constructor (C:\Users\playz\cy\node_modules\@babel\parser\lib\index.js:367:19)
    at TypeScriptParserMixin.raise (C:\Users\playz\cy\node_modules\@babel\parser\lib\index.js:6624:19)
    at TypeScriptParserMixin.unexpected (C:\Users\playz\cy\node_modules\@babel\parser\lib\index.js:6644:16)
    at TypeScriptParserMixin.expect (C:\Users\playz\cy\node_modules\@babel\parser\lib\index.js:6924:12)
    at TypeScriptParserMixin.parseParenAndDistinguishExpression (C:\Users\playz\cy\node_modules\@babel\parser\lib\index.js:11733:14)
    at TypeScriptParserMixin.parseExprAtom (C:\Users\playz\cy\node_modules\@babel\parser\lib\index.js:11395:23)
    at TypeScriptParserMixin.parseExprAtom (C:\Users\playz\cy\node_modules\@babel\parser\lib\index.js:4793:20)
    at TypeScriptParserMixin.parseExprSubscripts (C:\Users\playz\cy\node_modules\@babel\parser\lib\index.js:11145:23)
    at TypeScriptParserMixin.parseUpdate (C:\Users\playz\cy\node_modules\@babel\parser\lib\index.js:11130:21)
    at TypeScriptParserMixin.parseMaybeUnary (C:\Users\playz\cy\node_modules\@babel\parser\lib\index.js:11110:23)
    at TypeScriptParserMixin.parseMaybeUnary (C:\Users\playz\cy\node_modules\@babel\parser\lib\index.js:9890:18)
    at TypeScriptParserMixin.parseMaybeUnaryOrPrivate (C:\Users\playz\cy\node_modules\@babel\parser\lib\index.js:10963:61)
    at TypeScriptParserMixin.parseExprOps (C:\Users\playz\cy\node_modules\@babel\parser\lib\index.js:10968:23)
    at TypeScriptParserMixin.parseMaybeConditional (C:\Users\playz\cy\node_modules\@babel\parser\lib\index.js:10945:23)
    at TypeScriptParserMixin.parseMaybeAssign (C:\Users\playz\cy\node_modules\@babel\parser\lib\index.js:10895:21)
    at TypeScriptParserMixin.parseMaybeAssign (C:\Users\playz\cy\node_modules\@babel\parser\lib\index.js:9839:20)
    at TypeScriptParserMixin.parseFunctionBody (C:\Users\playz\cy\node_modules\@babel\parser\lib\index.js:12167:24)
    at TypeScriptParserMixin.parseArrowExpression (C:\Users\playz\cy\node_modules\@babel\parser\lib\index.js:12149:10)
    at TypeScriptParserMixin.parseParenAndDistinguishExpression (C:\Users\playz\cy\node_modules\@babel\parser\lib\index.js:11759:12)
    at TypeScriptParserMixin.parseExprAtom (C:\Users\playz\cy\node_modules\@babel\parser\lib\index.js:11395:23)
    at TypeScriptParserMixin.parseExprAtom (C:\Users\playz\cy\node_modules\@babel\parser\lib\index.js:4793:20)
    at TypeScriptParserMixin.parseExprSubscripts (C:\Users\playz\cy\node_modules\@babel\parser\lib\index.js:11145:23)
    at TypeScriptParserMixin.parseUpdate (C:\Users\playz\cy\node_modules\@babel\parser\lib\index.js:11130:21)
    at TypeScriptParserMixin.parseMaybeUnary (C:\Users\playz\cy\node_modules\@babel\parser\lib\index.js:11110:23)
    at TypeScriptParserMixin.parseMaybeUnary (C:\Users\playz\cy\node_modules\@babel\parser\lib\index.js:9890:18)
    at TypeScriptParserMixin.parseMaybeUnaryOrPrivate (C:\Users\playz\cy\node_modules\@babel\parser\lib\index.js:10963:61)
    at TypeScriptParserMixin.parseExprOps (C:\Users\playz\cy\node_modules\@babel\parser\lib\index.js:10968:23)
    at TypeScriptParserMixin.parseMaybeConditional (C:\Users\playz\cy\node_modules\@babel\parser\lib\index.js:10945:23)
    at TypeScriptParserMixin.parseMaybeAssign (C:\Users\playz\cy\node_modules\@babel\parser\lib\index.js:10895:21)
    at TypeScriptParserMixin.parseMaybeAssign (C:\Users\playz\cy\node_modules\@babel\parser\lib\index.js:9839:20)
    at C:\Users\playz\cy\node_modules\@babel\parser\lib\index.js:10864:39
    at TypeScriptParserMixin.allowInAnd (C:\Users\playz\cy\node_modules\@babel\parser\lib\index.js:12500:12)
    at TypeScriptParserMixin.parseMaybeAssignAllowIn (C:\Users\playz\cy\node_modules\@babel\parser\lib\index.js:10864:17)
    at TypeScriptParserMixin.parseMaybeAssignAllowInOrVoidPattern (C:\Users\playz\cy\node_modules\@babel\parser\lib\index.js:12567:17)
    at TypeScriptParserMixin.parseExprListItem (C:\Users\playz\cy\node_modules\@babel\parser\lib\index.js:12249:18)
    at TypeScriptParserMixin.parseCallExpressionArguments (C:\Users\playz\cy\node_modules\@babel\parser\lib\index.js:11316:22)
    at TypeScriptParserMixin.parseCoverCallAndAsyncArrowHead (C:\Users\playz\cy\node_modules\@babel\parser\lib\index.js:11250:29)
    at TypeScriptParserMixin.parseSubscript (C:\Users\playz\cy\node_modules\@babel\parser\lib\index.js:11184:19)
    at TypeScriptParserMixin.parseSubscript (C:\Users\playz\cy\node_modules\@babel\parser\lib\index.js:9329:18)
    at TypeScriptParserMixin.parseSubscripts (C:\Users\playz\cy\node_modules\@babel\parser\lib\index.js:11158:19)
    at TypeScriptParserMixin.parseExprSubscripts (C:\Users\playz\cy\node_modules\@babel\parser\lib\index.js:11149:17)
    at TypeScriptParserMixin.parseUpdate (C:\Users\playz\cy\node_modules\@babel\parser\lib\index.js:11130:21)
    at TypeScriptParserMixin.parseMaybeUnary (C:\Users\playz\cy\node_modules\@babel\parser\lib\index.js:11110:23)
    at TypeScriptParserMixin.parseMaybeUnary (C:\Users\playz\cy\node_modules\@babel\parser\lib\index.js:9890:18)
    at TypeScriptParserMixin.parseMaybeUnaryOrPrivate (C:\Users\playz\cy\node_modules\@babel\parser\lib\index.js:10963:61)
    at TypeScriptParserMixin.parseExprOpBaseRightExpr (C:\Users\playz\cy\node_modules\@babel\parser\lib\index.js:11050:34)
    at TypeScriptParserMixin.parseExprOpRightExpr (C:\Users\playz\cy\node_modules\@babel\parser\lib\index.js:11045:21)
    at TypeScriptParserMixin.parseExprOp (C:\Users\playz\cy\node_modules\@babel\parser\lib\index.js:11011:27)
    at TypeScriptParserMixin.parseExprOp (C:\Users\playz\cy\node_modules\@babel\parser\lib\index.js:9365:18)
    at TypeScriptParserMixin.parseExprOps (C:\Users\playz\cy\node_modules\@babel\parser\lib\index.js:10972:17)

[1m[31mERROR[39m[22m in [1m[eslint] 
src\pages\estimate\EstimatePage.tsx
  Line 632:20:  Parsing [1m[31merror[39m[22m[1m: ')' expected

[39m[22m

webpack compiled with [1m[31m2 errors[39m[22m
Compiling...
Compiled successfully!
webpack compiled [1m[32msuccessfully[39m[22m
No issues found.
Compiling...
Failed to compile.

[eslint] 
src\pages\estimate\EstimatePage.tsx
Syntax error: ')' expected (1010:1)
[1m[31mERROR[39m[22m in [1m./src/pages/estimate/EstimatePage.tsx[39m[22m
Module build failed (from ./node_modules/babel-loader/lib/index.js):
SyntaxError: C:\Users\playz\cy\src\pages\estimate\EstimatePage.tsx: Unexpected token, expected "," (1010:1)

[0m [90m 1008 |[39m         [33m<[39m[33m/[39m[33mdiv[39m[33m>[39m
 [90m 1009 |[39m     )[33m;[39m
[31m[1m>[22m[39m[90m 1010 |[39m }[33m;[39m
 [90m      |[39m  [31m[1m^[22m[39m
 [90m 1011 |[39m
 [90m 1012 |[39m [90m// ─── 미리보기 문서 컴포넌트 (인쇄용) ──────────────────────────────────────────────────[39m
 [90m 1013 |[39m[0m
    at constructor (C:\Users\playz\cy\node_modules\@babel\parser\lib\index.js:367:19)
    at TypeScriptParserMixin.raise (C:\Users\playz\cy\node_modules\@babel\parser\lib\index.js:6624:19)
    at TypeScriptParserMixin.unexpected (C:\Users\playz\cy\node_modules\@babel\parser\lib\index.js:6644:16)
    at TypeScriptParserMixin.expect (C:\Users\playz\cy\node_modules\@babel\parser\lib\index.js:6924:12)
    at TypeScriptParserMixin.parseCallExpressionArguments (C:\Users\playz\cy\node_modules\@babel\parser\lib\index.js:11307:14)
    at TypeScriptParserMixin.parseCoverCallAndAsyncArrowHead (C:\Users\playz\cy\node_modules\@babel\parser\lib\index.js:11250:29)
    at TypeScriptParserMixin.parseSubscript (C:\Users\playz\cy\node_modules\@babel\parser\lib\index.js:11184:19)
    at TypeScriptParserMixin.parseSubscript (C:\Users\playz\cy\node_modules\@babel\parser\lib\index.js:9329:18)
    at TypeScriptParserMixin.parseSubscripts (C:\Users\playz\cy\node_modules\@babel\parser\lib\index.js:11158:19)
    at TypeScriptParserMixin.parseExprSubscripts (C:\Users\playz\cy\node_modules\@babel\parser\lib\index.js:11149:17)
    at TypeScriptParserMixin.parseUpdate (C:\Users\playz\cy\node_modules\@babel\parser\lib\index.js:11130:21)
    at TypeScriptParserMixin.parseMaybeUnary (C:\Users\playz\cy\node_modules\@babel\parser\lib\index.js:11110:23)
    at TypeScriptParserMixin.parseMaybeUnary (C:\Users\playz\cy\node_modules\@babel\parser\lib\index.js:9890:18)
    at TypeScriptParserMixin.parseMaybeUnaryOrPrivate (C:\Users\playz\cy\node_modules\@babel\parser\lib\index.js:10963:61)
    at TypeScriptParserMixin.parseExprOps (C:\Users\playz\cy\node_modules\@babel\parser\lib\index.js:10968:23)
    at TypeScriptParserMixin.parseMaybeConditional (C:\Users\playz\cy\node_modules\@babel\parser\lib\index.js:10945:23)
    at TypeScriptParserMixin.parseMaybeAssign (C:\Users\playz\cy\node_modules\@babel\parser\lib\index.js:10895:21)
    at TypeScriptParserMixin.parseMaybeAssign (C:\Users\playz\cy\node_modules\@babel\parser\lib\index.js:9839:20)
    at C:\Users\playz\cy\node_modules\@babel\parser\lib\index.js:10864:39
    at TypeScriptParserMixin.allowInAnd (C:\Users\playz\cy\node_modules\@babel\parser\lib\index.js:12495:16)
    at TypeScriptParserMixin.parseMaybeAssignAllowIn (C:\Users\playz\cy\node_modules\@babel\parser\lib\index.js:10864:17)
    at TypeScriptParserMixin.parseVar (C:\Users\playz\cy\node_modules\@babel\parser\lib\index.js:13460:91)
    at TypeScriptParserMixin.parseVarStatement (C:\Users\playz\cy\node_modules\@babel\parser\lib\index.js:13306:10)
    at TypeScriptParserMixin.parseVarStatement (C:\Users\playz\cy\node_modules\@babel\parser\lib\index.js:9469:31)
    at TypeScriptParserMixin.parseStatementContent (C:\Users\playz\cy\node_modules\@babel\parser\lib\index.js:12927:23)
    at TypeScriptParserMixin.parseStatementContent (C:\Users\playz\cy\node_modules\@babel\parser\lib\index.js:9569:18)
    at TypeScriptParserMixin.parseStatementLike (C:\Users\playz\cy\node_modules\@babel\parser\lib\index.js:12843:17)
    at TypeScriptParserMixin.parseStatementListItem (C:\Users\playz\cy\node_modules\@babel\parser\lib\index.js:12823:17)
    at TypeScriptParserMixin.parseBlockOrModuleBlockBody (C:\Users\playz\cy\node_modules\@babel\parser\lib\index.js:13392:61)
    at TypeScriptParserMixin.parseBlockBody (C:\Users\playz\cy\node_modules\@babel\parser\lib\index.js:13385:10)
    at TypeScriptParserMixin.parseBlock (C:\Users\playz\cy\node_modules\@babel\parser\lib\index.js:13373:10)
    at TypeScriptParserMixin.parseFunctionBody (C:\Users\playz\cy\node_modules\@babel\parser\lib\index.js:12174:24)
    at TypeScriptParserMixin.parseArrowExpression (C:\Users\playz\cy\node_modules\@babel\parser\lib\index.js:12149:10)
    at TypeScriptParserMixin.parseParenAndDistinguishExpression (C:\Users\playz\cy\node_modules\@babel\parser\lib\index.js:11759:12)
    at TypeScriptParserMixin.parseExprAtom (C:\Users\playz\cy\node_modules\@babel\parser\lib\index.js:11395:23)
    at TypeScriptParserMixin.parseExprAtom (C:\Users\playz\cy\node_modules\@babel\parser\lib\index.js:4793:20)
    at TypeScriptParserMixin.parseExprSubscripts (C:\Users\playz\cy\node_modules\@babel\parser\lib\index.js:11145:23)
    at TypeScriptParserMixin.parseUpdate (C:\Users\playz\cy\node_modules\@babel\parser\lib\index.js:11130:21)
    at TypeScriptParserMixin.parseMaybeUnary (C:\Users\playz\cy\node_modules\@babel\parser\lib\index.js:11110:23)
    at TypeScriptParserMixin.parseMaybeUnary (C:\Users\playz\cy\node_modules\@babel\parser\lib\index.js:9890:18)
    at TypeScriptParserMixin.parseMaybeUnaryOrPrivate (C:\Users\playz\cy\node_modules\@babel\parser\lib\index.js:10963:61)
    at TypeScriptParserMixin.parseExprOps (C:\Users\playz\cy\node_modules\@babel\parser\lib\index.js:10968:23)
    at TypeScriptParserMixin.parseMaybeConditional (C:\Users\playz\cy\node_modules\@babel\parser\lib\index.js:10945:23)
    at TypeScriptParserMixin.parseMaybeAssign (C:\Users\playz\cy\node_modules\@babel\parser\lib\index.js:10895:21)
    at TypeScriptParserMixin.parseMaybeAssign (C:\Users\playz\cy\node_modules\@babel\parser\lib\index.js:9839:20)
    at C:\Users\playz\cy\node_modules\@babel\parser\lib\index.js:10864:39
    at TypeScriptParserMixin.allowInAnd (C:\Users\playz\cy\node_modules\@babel\parser\lib\index.js:12495:16)
    at TypeScriptParserMixin.parseMaybeAssignAllowIn (C:\Users\playz\cy\node_modules\@babel\parser\lib\index.js:10864:17)
    at TypeScriptParserMixin.parseVar (C:\Users\playz\cy\node_modules\@babel\parser\lib\index.js:13460:91)
    at TypeScriptParserMixin.parseVarStatement (C:\Users\playz\cy\node_modules\@babel\parser\lib\index.js:13306:10)

[1m[31mERROR[39m[22m in [1m[eslint] 
src\pages\estimate\EstimatePage.tsx
  Line 1010:1:  Parsing [1m[31merror[39m[22m[1m: ')' expected

[39m[22m

webpack compiled with [1m[31m2 errors[39m[22m
Compiling...
Failed to compile.

Module parse failed: Duplicate export 'default' (3588:7)
File was processed with these loaders:
 * ./node_modules/@pmmmwh/react-refresh-webpack-plugin/loader/index.js
 * ./node_modules/babel-loader/lib/index.js
 * ./node_modules/source-map-loader/dist/cjs.js
You may need an additional loader to handle the result of these loaders.
| }, "WuGM/wjOzIY5WXzV6PDgTvvBxRI=")), "WuGM/wjOzIY5WXzV6PDgTvvBxRI=");
| _c14 = TransactionDocument;
> export default EstimatePage;
| var _c, _c2, _c3, _c4, _c5, _c6, _c7, _c8, _c9, _c0, _c1, _c10, _c11, _c12, _c13, _c14;
| $RefreshReg$(_c, "TitleComponent$React.memo");
[1m[31mERROR[39m[22m in [1m./src/pages/estimate/EstimatePage.tsx[39m[22m [1m[32m3588:7[39m[22m
[1mModule parse [1m[31mfailed[39m[22m[1m: [1m[31mDuplicate[39m[22m[1m export 'default' (3588:7)
File was processed with these loaders:
 * ./node_modules/@pmmmwh/react-refresh-webpack-plugin/loader/index.js
 * ./node_modules/babel-loader/lib/index.js
 * ./node_modules/source-map-loader/dist/cjs.js
You may need an additional loader to handle the result of these loaders.
| }, "WuGM/wjOzIY5WXzV6PDgTvvBxRI=")), "WuGM/wjOzIY5WXzV6PDgTvvBxRI=");
| _c14 = TransactionDocument;
> export default EstimatePage;
| var _c, _c2, _c3, _c4, _c5, _c6, _c7, _c8, _c9, _c0, _c1, _c10, _c11, _c12, _c13, _c14;
| $RefreshReg$(_c, "TitleComponent$React.memo");[39m[22m

webpack compiled with [1m[31m1 error[39m[22m
Compiling...
Compiled successfully!
webpack compiled [1m[32msuccessfully[39m[22m
No issues found.
Compiling...
Compiled successfully!
webpack compiled [1m[32msuccessfully[39m[22m
No issues found.
Compiling...
Compiled successfully!
webpack compiled [1m[32msuccessfully[39m[22m
No issues found.
Compiling...
Compiled successfully!
webpack compiled [1m[32msuccessfully[39m[22m
No issues found.
